student_id,cohort,department_std,semester,cgpa,backlogs,placed,semester_missing,cgpa_missing,backlogs_missing,placed_missing
H0001,historical,Civil,7,6.733623722493319,1,0.0,0,0,0,0
H0002,historical,ECE,5,6.0682844806620935,1,1.0,0,0,0,0
H0003,historical,Civil,8,6.293431283070771,0,1.0,0,0,0,0
H0004,historical,ME,3,5.954974573829757,1,0.0,0,0,0,0
H0005,historical,CSE,4,6.959612178093632,3,1.0,0,0,0,0
H0006,historical,EEE,8,6.976134946619927,3,0.0,0,0,0,0
H0007,historical,Civil,4,6.965182802404534,0,1.0,0,0,0,0
H0008,historical,Civil,4,4.799265178152096,1,1.0,0,0,0,0
H0009,historical,CSE,7,6.641445442885064,0,1.0,0,0,0,0
H0010,historical,ECE,4,7.506332806659365,2,0.0,0,0,0,0
H0011,historical,ECE,6,5.126967447549289,1,0.0,0,0,0,0
H0012,historical,EEE,4,6.558196529686429,1,1.0,0,0,0,0
H0013,historical,ME,4,7.296386473423677,1,1.0,0,0,0,0
H0014,historical,Civil,8,6.143667185612591,5,0.0,0,0,0,0
H0015,historical,ECE,4,6.275400460159279,4,1.0,0,0,0,0
H0016,historical,CSE,3,9.352231592628364,2,1.0,0,0,0,0
H0017,historical,ME,7,6.871088384442826,1,1.0,0,0,0,0
H0018,historical,CSE,8,5.725986142415751,2,0.0,0,0,0,0
H0019,historical,Civil,3,6.995349772212363,3,1.0,0,0,0,0
H0020,historical,ME,7,5.442861377896025,1,0.0,0,0,0,0
H0021,historical,Civil,6,6.862378541895097,1,1.0,0,0,0,0
H0022,historical,ECE,7,6.390259030621271,2,1.0,0,0,0,0
H0023,historical,EEE,3,6.883413999068811,2,1.0,0,0,0,0
H0024,historical,Civil,8,7.418285427317944,1,0.0,0,0,0,0
H0025,historical,Civil,6,5.6515691686646266,1,0.0,0,0,0,0
H0026,historical,CSE,8,6.271705666831243,2,1.0,0,0,0,0
H0027,historical,ECE,5,5.848315530555393,3,1.0,0,0,0,0
H0028,historical,CSE,8,7.604289916533894,4,1.0,0,0,0,0
H0029,historical,CSE,6,6.824591039336408,0,1.0,0,0,0,0
H0030,historical,ME,3,6.8192316892865525,2,0.0,0,0,0,0
H0031,historical,ME,8,5.783614740545556,3,1.0,0,0,0,0
H0032,historical,EEE,7,6.852650440775799,0,1.0,0,0,0,0
H0033,historical,CSE,4,6.921944838890961,4,1.0,0,0,0,0
H0034,historical,ECE,6,7.864380690392671,4,1.0,0,0,0,0
H0035,historical,ECE,5,8.512585785002468,1,1.0,0,0,0,0
H0036,historical,CSE,6,7.729714755480725,4,1.0,0,0,0,0
H0037,historical,CSE,8,6.250890014774465,3,1.0,0,0,0,0
H0038,historical,ECE,8,6.1544855335281285,2,0.0,0,0,0,0
H0039,historical,CSE,4,8.015648631716038,0,1.0,0,0,0,0
H0040,historical,ME,8,6.731924500950287,0,1.0,0,0,0,0
H0041,historical,ECE,5,7.826893434629834,4,1.0,0,0,0,0
H0042,historical,Civil,7,6.99178675073731,2,1.0,0,0,0,0
H0043,historical,ME,7,7.3443570637657904,3,1.0,0,0,0,0
H0044,historical,CSE,5,7.945969670250768,3,1.0,0,0,0,0
H0045,historical,Civil,5,5.3256312971150574,1,0.0,0,0,0,0
H0046,historical,Civil,5,5.4957467073118185,6,0.0,0,0,0,0
H0047,historical,ECE,8,7.131703931732259,1,1.0,0,0,0,0
H0048,historical,CSE,5,7.504633018294408,3,1.0,0,0,0,0
H0049,historical,ME,4,8.17661675042997,2,1.0,0,0,0,0
H0050,historical,CSE,5,7.408416446342927,0,0.0,0,0,0,0
H0051,historical,CSE,4,8.236818899966137,1,1.0,0,0,0,0
H0052,historical,CSE,5,7.358136825143263,1,1.0,0,0,0,0
H0053,historical,Civil,3,6.34801486550502,3,1.0,0,0,0,0
H0054,historical,ME,3,5.0167910427926765,1,0.0,0,0,0,0
H0055,historical,ME,7,5.992254634705514,3,0.0,0,0,0,0
H0056,historical,Civil,3,7.916073362427318,2,1.0,0,0,0,0
H0057,historical,ECE,6,6.426169775127979,1,1.0,0,0,0,0
H0058,historical,ME,7,6.465066367299982,3,0.0,0,0,0,0
H0059,historical,CSE,7,7.636802814900077,0,1.0,0,0,0,0
H0060,historical,CSE,5,7.033471716958549,0,1.0,0,0,0,0
H0061,historical,ME,4,4.933927472721357,2,1.0,0,0,0,0
H0062,historical,ECE,8,7.050435098987288,3,1.0,0,0,0,0
H0063,historical,ME,8,5.711891024524494,2,1.0,0,0,0,0
H0064,historical,Civil,6,6.799064279705163,1,1.0,0,0,0,0
H0065,historical,ME,3,6.724507692753588,3,1.0,0,0,0,0
H0066,historical,ME,3,7.452258042570781,6,1.0,0,0,0,0
H0067,historical,ME,4,7.6710623461393235,2,1.0,0,0,0,0
H0068,historical,CSE,3,8.447322185037876,3,1.0,0,0,0,0
H0069,historical,CSE,8,7.087135610760297,0,0.0,0,0,0,0
H0070,historical,ECE,4,5.64675550862899,1,0.0,0,0,0,0
H0071,historical,CSE,4,5.700991928381027,0,0.0,0,0,0,0
H0072,historical,ECE,8,6.883341580873443,2,1.0,0,0,0,0
H0073,historical,Civil,7,7.584894023150524,3,1.0,0,0,0,0
H0074,historical,CSE,4,7.106532254932309,4,0.0,0,0,0,0
H0075,historical,CSE,5,8.202765837956127,1,1.0,0,0,0,0
H0076,historical,CSE,6,8.697476491161337,2,1.0,0,0,0,0
H0077,historical,CSE,6,6.26318046286473,5,1.0,0,0,0,0
H0078,historical,ME,8,5.094288014425594,1,0.0,0,0,0,0
H0079,historical,ME,8,7.766388417599906,1,0.0,0,0,0,0
H0080,historical,Civil,8,5.530536285324812,0,1.0,0,0,0,0
H0081,historical,ME,3,5.929527212576473,1,1.0,0,0,0,0
H0082,historical,ECE,4,6.5620976047293045,2,0.0,0,0,0,0
H0083,historical,Civil,6,6.196610688483846,4,1.0,0,0,0,0
H0084,historical,CSE,3,5.6729103576626025,1,1.0,0,0,0,0
H0085,historical,CSE,5,6.403425467035211,1,1.0,0,0,0,0
H0086,historical,CSE,3,7.088440081641099,2,0.0,0,0,0,0
H0087,historical,ME,8,6.893129816793172,1,1.0,0,0,0,0
H0088,historical,ECE,3,6.305522600537033,5,0.0,0,0,0,0
H0089,historical,CSE,3,8.656228341890415,2,1.0,0,0,0,0
H0090,historical,ECE,4,6.659467131361836,1,1.0,0,0,0,0
H0091,historical,CSE,3,6.835950793102622,1,1.0,0,0,0,0
H0092,historical,ME,6,6.374792160465484,1,1.0,0,0,0,0
H0093,historical,ECE,5,7.772557768044016,2,0.0,0,0,0,0
H0094,historical,ECE,8,6.880248990185594,1,1.0,0,0,0,0
H0095,historical,CSE,4,8.322453362303415,3,1.0,0,0,0,0
H0096,historical,ME,6,7.462229699190611,3,1.0,0,0,0,0
H0097,historical,ECE,6,6.894876975264885,1,0.0,0,0,0,0
H0098,historical,CSE,6,8.300405849402694,2,1.0,0,0,0,0
H0099,historical,CSE,7,7.917716275812773,4,1.0,0,0,0,0
H0100,historical,EEE,4,5.877318164281201,1,0.0,0,0,0,0
H0101,historical,EEE,6,7.311576439310203,5,1.0,0,0,0,0
H0102,historical,ME,7,6.632847975500835,0,0.0,0,0,0,0
H0103,historical,CSE,8,8.284822700673832,1,1.0,0,0,0,0
H0104,historical,EEE,6,6.677202887005906,3,1.0,0,0,0,0
H0105,historical,Civil,6,8.159409721137138,0,1.0,0,0,0,0
H0106,historical,ME,8,7.201108159094695,0,0.0,0,0,0,0
H0107,historical,ECE,6,6.377320523110749,2,1.0,0,0,0,0
H0108,historical,CSE,8,7.171604226832913,5,1.0,0,0,0,0
H0109,historical,CSE,3,8.749574449086351,0,1.0,0,0,0,0
H0110,historical,EEE,5,7.1336938775164285,1,1.0,0,0,0,0
H0111,historical,ECE,3,6.19330199889439,1,0.0,0,0,0,0
H0112,historical,CSE,3,5.666436544095911,0,0.0,0,0,0,0
H0113,historical,CSE,5,7.838598499050635,2,1.0,0,0,0,0
H0114,historical,ME,4,6.109857073939162,2,1.0,0,0,0,0
H0115,historical,CSE,5,7.1387234535958,1,1.0,0,0,0,0
H0116,historical,Civil,5,7.254680226211522,0,1.0,0,0,0,0
H0117,historical,Civil,6,7.188175186546326,0,0.0,0,0,0,0
H0118,historical,ME,8,8.1160019754555,1,1.0,0,0,0,0
H0119,historical,ECE,8,6.541027029110576,1,1.0,0,0,0,0
H0120,historical,ME,5,7.29558932572951,1,1.0,0,0,0,0
H0121,historical,ME,4,7.75312498712425,1,1.0,0,0,0,0
H0122,historical,ME,7,7.671087743388505,3,1.0,0,0,0,0
H0123,historical,CSE,3,8.086819633446694,5,1.0,0,0,0,0
H0124,historical,ECE,6,5.959158237159777,2,1.0,0,0,0,0
H0125,historical,CSE,5,7.390709888257067,4,0.0,0,0,0,0
H0126,historical,ECE,4,7.683190054080918,0,0.0,0,0,0,0
H0127,historical,CSE,6,5.905834591414514,2,1.0,0,0,0,0
H0128,historical,CSE,4,6.819865266104158,4,1.0,0,0,0,0
H0129,historical,CSE,4,7.143821254494959,2,1.0,0,0,0,0
H0130,historical,ME,6,5.282478242041438,0,0.0,0,0,0,0
H0131,historical,CSE,4,7.026670018210313,0,0.0,0,0,0,0
H0132,historical,EEE,7,5.93878371721219,1,1.0,0,0,0,0
H0133,historical,ME,3,5.494395008846824,1,1.0,0,0,0,0
H0134,historical,CSE,5,7.203022569902699,1,1.0,0,0,0,0
H0135,historical,ME,7,7.495884696308814,1,1.0,0,0,0,0
H0136,historical,CSE,4,7.859814312956552,2,1.0,0,0,0,0
H0137,historical,EEE,7,6.88787733058216,1,1.0,0,0,0,0
H0138,historical,ECE,7,7.160565374174459,2,1.0,0,0,0,0
H0139,historical,Civil,8,7.841198028522196,1,1.0,0,0,0,0
H0140,historical,CSE,4,7.3615594037257,1,1.0,0,0,0,0
H0141,historical,ECE,7,6.555625710506479,3,0.0,0,0,0,0
H0142,historical,ECE,8,7.305658434122387,2,1.0,0,0,0,0
H0143,historical,EEE,7,7.817412844356108,0,1.0,0,0,0,0
H0144,historical,ME,4,5.681323666205517,2,1.0,0,0,0,0
H0145,historical,ECE,7,6.453931509295179,2,1.0,0,0,0,0
H0146,historical,CSE,3,7.884775546203039,2,1.0,0,0,0,0
H0147,historical,CSE,6,8.351918585576987,1,1.0,0,0,0,0
H0148,historical,ECE,5,6.852583946433896,1,1.0,0,0,0,0
H0149,historical,ECE,6,7.677350982712478,0,1.0,0,0,0,0
H0150,historical,CSE,6,7.933602667143726,1,1.0,0,0,0,0
H0151,historical,Civil,3,6.442725230307014,1,0.0,0,0,0,0
H0152,historical,Civil,6,8.03605403373446,1,1.0,0,0,0,0
H0153,historical,CSE,8,9.55101343215964,2,0.0,0,0,0,0
H0154,historical,ME,5,6.718966910991526,0,1.0,0,0,0,0
H0155,historical,CSE,4,7.942828062246598,1,1.0,0,0,0,0
H0156,historical,ME,8,6.70748743794304,1,1.0,0,0,0,0
H0157,historical,CSE,3,7.923172449202853,0,1.0,0,0,0,0
H0158,historical,ME,5,5.130693279912974,0,1.0,0,0,0,0
H0159,historical,ME,6,6.081164942039588,4,0.0,0,0,0,0
H0160,historical,Civil,5,6.9964659796165884,2,1.0,0,0,0,0
H0161,historical,CSE,8,7.5945017224493725,2,1.0,0,0,0,0
H0162,historical,EEE,5,6.664477204123828,0,1.0,0,0,0,0
H0163,historical,CSE,8,5.891749718965501,0,1.0,0,0,0,0
H0164,historical,CSE,3,7.515687681517053,1,1.0,0,0,0,0
H0165,historical,ME,7,6.554175856835416,0,1.0,0,0,0,0
H0166,historical,ECE,6,6.945248224313976,3,1.0,0,0,0,0
H0167,historical,Civil,4,6.127111441798688,1,1.0,0,0,0,0
H0168,historical,Civil,4,7.499625718837363,1,1.0,0,0,0,0
H0169,historical,CSE,7,6.565016990994328,1,1.0,0,0,0,0
H0170,historical,EEE,6,6.355428471879063,1,0.0,0,0,0,0
H0171,historical,CSE,6,8.624235116397106,3,1.0,0,0,0,0
H0172,historical,ECE,3,6.475151956574453,1,1.0,0,0,0,0
H0173,historical,CSE,6,7.643116906884829,0,1.0,0,0,0,0
H0174,historical,EEE,8,7.220375965468125,2,0.0,0,0,0,0
H0175,historical,CSE,3,6.723159985131808,1,1.0,0,0,0,0
H0176,historical,CSE,5,6.316433527621441,3,0.0,0,0,0,0
H0177,historical,ECE,5,7.503329039075002,2,0.0,0,0,0,0
H0178,historical,EEE,8,6.548725154126461,1,1.0,0,0,0,0
H0179,historical,Civil,4,7.002272842586025,1,0.0,0,0,0,0
H0180,historical,ME,5,5.974263115588386,2,0.0,0,0,0,0
H0181,historical,Civil,7,5.794084135762995,1,0.0,0,0,0,0
H0182,historical,Civil,3,6.765533867347629,0,0.0,0,0,0,0
H0183,historical,ECE,7,7.101073315716266,1,1.0,0,0,0,0
H0184,historical,CSE,7,7.3396531157374625,0,1.0,0,0,0,0
H0185,historical,Civil,7,7.145236179667424,4,1.0,0,0,0,0
H0186,historical,ME,6,7.613991755456792,3,1.0,0,0,0,0
H0187,historical,ECE,7,5.294545302219326,2,1.0,0,0,0,0
H0188,historical,CSE,7,6.345901016073422,1,1.0,0,0,0,0
H0189,historical,ME,8,6.034508204910224,3,1.0,0,0,0,0
H0190,historical,CSE,5,7.516996636482379,0,1.0,0,0,0,0
H0191,historical,EEE,5,6.1275453047047765,1,1.0,0,0,0,0
H0192,historical,CSE,6,7.789413338831055,4,0.0,0,0,0,0
H0193,historical,CSE,4,8.199693908172048,1,0.0,0,0,0,0
H0194,historical,Civil,8,6.697258757316556,1,1.0,0,0,0,0
H0195,historical,CSE,7,5.794447760427462,1,0.0,0,0,0,0
H0196,historical,CSE,6,7.379638819165295,0,1.0,0,0,0,0
H0197,historical,ME,4,7.324549900778751,2,0.0,0,0,0,0
H0198,historical,Civil,5,7.153464284531951,0,1.0,0,0,0,0
H0199,historical,CSE,5,7.337507233975172,1,1.0,0,0,0,0
H0200,historical,CSE,6,7.871067263131183,3,1.0,0,0,0,0
H0201,historical,Civil,7,6.872517873795163,4,0.0,0,0,0,0
H0202,historical,EEE,7,6.905281759777407,3,1.0,0,0,0,0
H0203,historical,ECE,8,7.033713504111836,3,1.0,0,0,0,0
H0204,historical,CSE,8,6.428456073520703,0,1.0,0,0,0,0
H0205,historical,CSE,7,7.253600592968332,1,1.0,0,0,0,0
H0206,historical,CSE,5,6.513416895522493,3,1.0,0,0,0,0
H0207,historical,CSE,6,7.750924448273917,2,1.0,0,0,0,0
H0208,historical,ME,5,6.581823587200208,0,1.0,0,0,0,0
H0209,historical,CSE,6,7.091299258026346,0,1.0,0,0,0,0
H0210,historical,ECE,7,5.114739780761932,1,1.0,0,0,0,0
H0211,historical,ME,5,5.720350175295989,1,1.0,0,0,0,0
H0212,historical,ME,6,5.165458581460807,2,0.0,0,0,0,0
H0213,historical,CSE,3,5.404177608375482,0,1.0,0,0,0,0
H0214,historical,Civil,7,5.871944733557771,1,1.0,0,0,0,0
H0215,historical,ME,5,5.731385401605987,0,0.0,0,0,0,0
H0216,historical,ME,5,8.091552881079448,3,1.0,0,0,0,0
H0217,historical,CSE,6,7.438749409665844,0,1.0,0,0,0,0
H0218,historical,CSE,4,9.00756826149875,2,1.0,0,0,0,0
H0219,historical,EEE,6,6.380474806717542,3,1.0,0,0,0,0
H0220,historical,ECE,7,6.3785474299259945,0,0.0,0,0,0,0
H0221,historical,CSE,5,7.097049135557012,1,1.0,0,0,0,0
H0222,historical,ECE,3,5.897217558287608,1,0.0,0,0,0,0
H0223,historical,ME,5,6.471935786435126,3,1.0,0,0,0,0
H0224,historical,EEE,4,6.688970768647418,5,0.0,0,0,0,0
H0225,historical,CSE,5,8.593081425456297,2,1.0,0,0,0,0
H0226,historical,EEE,6,5.768432036798526,1,1.0,0,0,0,0
H0227,historical,CSE,3,6.938065135341978,5,1.0,0,0,0,0
H0228,historical,ME,7,6.83459167936029,0,0.0,0,0,0,0
H0229,historical,ME,4,6.176995251625858,2,1.0,0,0,0,0
H0230,historical,CSE,8,5.986526968792423,2,0.0,0,0,0,0
H0231,historical,CSE,7,7.564295625030793,1,1.0,0,0,0,0
H0232,historical,ECE,4,7.446212090418293,3,1.0,0,0,0,0
H0233,historical,EEE,6,7.878928638279246,3,1.0,0,0,0,0
H0234,historical,ME,3,5.651010402301642,2,0.0,0,0,0,0
H0235,historical,EEE,3,7.72247105030079,3,1.0,0,0,0,0
H0236,historical,Civil,8,6.389458554690373,2,1.0,0,0,0,0
H0237,historical,ECE,7,6.485964487279059,3,1.0,0,0,0,0
H0238,historical,Civil,3,6.792356192821298,1,0.0,0,0,0,0
H0239,historical,CSE,4,8.08954865238342,2,1.0,0,0,0,0
H0240,historical,CSE,4,7.422037837212784,1,1.0,0,0,0,0
H0241,historical,Civil,5,6.984329359585645,1,1.0,0,0,0,0
H0242,historical,Civil,4,6.36519800642732,1,1.0,0,0,0,0
H0243,historical,CSE,4,7.769032176137524,0,1.0,0,0,0,0
H0244,historical,ECE,6,6.188660804637963,1,0.0,0,0,0,0
H0245,historical,ME,4,7.809078284001282,3,1.0,0,0,0,0
H0246,historical,Civil,8,5.148529617233599,1,0.0,0,0,0,0
H0247,historical,ME,7,5.450646901791334,3,1.0,0,0,0,0
H0248,historical,ECE,7,5.421544539385871,3,1.0,0,0,0,0
H0249,historical,ECE,4,6.162891283029952,1,0.0,0,0,0,0
H0250,historical,ECE,7,5.795588094643879,0,1.0,0,0,0,0
H0251,historical,ME,8,6.282779374319496,1,1.0,0,0,0,0
H0252,historical,Civil,4,6.454112222209245,0,0.0,0,0,0,0
H0253,historical,ECE,7,6.83281537873272,2,1.0,0,0,0,0
H0254,historical,CSE,5,6.589403074279106,0,1.0,0,0,0,0
H0255,historical,CSE,7,8.418566979063408,0,1.0,0,0,0,0
H0256,historical,ME,5,6.192744524891858,1,1.0,0,0,0,0
H0257,historical,Civil,7,6.798987870476459,2,1.0,0,0,0,0
H0258,historical,CSE,3,6.269425087460358,1,1.0,0,0,0,0
H0259,historical,CSE,5,8.867615395281062,0,1.0,0,0,0,0
H0260,historical,ME,4,6.289144897382606,1,1.0,0,0,0,0
H0261,historical,CSE,4,6.790325405935782,1,1.0,0,0,0,0
H0262,historical,Civil,4,5.902669070049798,0,1.0,0,0,0,0
H0263,historical,CSE,5,7.588764994240048,1,1.0,0,0,0,0
H0264,historical,CSE,3,7.450064554833527,5,1.0,0,0,0,0
H0265,historical,EEE,7,6.255806175102632,2,1.0,0,0,0,0
H0266,historical,CSE,6,7.809817492636775,4,1.0,0,0,0,0
H0267,historical,CSE,7,7.89825376586666,0,1.0,0,0,0,0
H0268,historical,CSE,7,7.471179783984899,3,1.0,0,0,0,0
H0269,historical,CSE,3,6.790802516014191,3,1.0,0,0,0,0
H0270,historical,CSE,3,7.0738111267681285,2,0.0,0,0,0,0
H0271,historical,CSE,5,6.701271054094702,0,1.0,0,0,0,0
H0272,historical,CSE,5,6.43166355516815,0,1.0,0,0,0,0
H0273,historical,CSE,4,7.277484872318377,0,1.0,0,0,0,0
H0274,historical,ME,7,6.5045107478539474,0,1.0,0,0,0,0
H0275,historical,ME,6,5.992513853146488,1,0.0,0,0,0,0
H0276,historical,ECE,7,5.99765105813569,2,0.0,0,0,0,0
H0277,historical,CSE,3,6.216636389676996,1,1.0,0,0,0,0
H0278,historical,ECE,7,7.005184863184793,2,0.0,0,0,0,0
H0279,historical,Civil,4,7.790268979938647,2,1.0,0,0,0,0
H0280,historical,Civil,5,5.776626637605204,0,0.0,0,0,0,0
H0281,historical,CSE,5,7.579655573656074,2,1.0,0,0,0,0
H0282,historical,CSE,7,6.224306655184886,1,1.0,0,0,0,0
H0283,historical,CSE,4,7.017219753614198,1,1.0,0,0,0,0
H0284,historical,CSE,4,7.987915370219847,0,1.0,0,0,0,0
H0285,historical,ME,5,6.4751818405548764,1,1.0,0,0,0,0
H0286,historical,ECE,5,6.434462038214346,3,0.0,0,0,0,0
H0287,historical,CSE,4,6.462756630466366,3,0.0,0,0,0,0
H0288,historical,ECE,4,7.192465814668118,0,1.0,0,0,0,0
H0289,historical,ECE,4,5.556018874699365,1,0.0,0,0,0,0
H0290,historical,CSE,5,6.218915646421134,1,0.0,0,0,0,0
H0291,historical,Civil,5,5.051734007463706,2,1.0,0,0,0,0
H0292,historical,CSE,5,6.899047432436411,1,1.0,0,0,0,0
H0293,historical,EEE,7,7.464713774820459,3,1.0,0,0,0,0
H0294,historical,CSE,4,6.893227604155546,2,1.0,0,0,0,0
H0295,historical,Civil,8,6.460116568384825,0,0.0,0,0,0,0
H0296,historical,EEE,7,6.767386070355226,1,0.0,0,0,0,0
H0297,historical,EEE,4,7.1330815237982,1,0.0,0,0,0,0
H0298,historical,Civil,4,7.323269628788586,2,1.0,0,0,0,0
H0299,historical,Civil,4,5.781441405764999,2,0.0,0,0,0,0
H0300,historical,ME,4,8.665719708475807,0,1.0,0,0,0,0
H0301,historical,Civil,5,7.114942709414482,2,1.0,0,0,0,0
H0302,historical,CSE,3,7.871031482546469,3,1.0,0,0,0,0
H0303,historical,ECE,3,6.996622960267558,3,1.0,0,0,0,0
H0304,historical,ECE,5,8.109001042801458,1,1.0,0,0,0,0
H0305,historical,Civil,7,7.469153883201101,1,1.0,0,0,0,0
H0306,historical,ECE,4,6.051863491784246,2,1.0,0,0,0,0
H0307,historical,ECE,8,6.899715373030515,1,1.0,0,0,0,0
H0308,historical,ME,5,7.279164607565887,3,1.0,0,0,0,0
H0309,historical,CSE,8,7.368248200954691,0,0.0,0,0,0,0
H0310,historical,CSE,4,7.813966911368273,3,0.0,0,0,0,0
H0311,historical,ECE,6,6.286507869357205,2,1.0,0,0,0,0
H0312,historical,ECE,7,6.285848141673736,3,1.0,0,0,0,0
H0313,historical,CSE,3,6.890943184865461,1,1.0,0,0,0,0
H0314,historical,ECE,8,7.59102694370083,4,1.0,0,0,0,0
H0315,historical,ECE,5,7.349491659016305,1,1.0,0,0,0,0
H0316,historical,CSE,5,7.867847503871306,1,1.0,0,0,0,0
H0317,historical,ECE,6,8.178639979765762,1,1.0,0,0,0,0
H0318,historical,ME,6,7.065855189933148,0,1.0,0,0,0,0
H0319,historical,CSE,3,7.896039298838609,0,1.0,0,0,0,0
H0320,historical,EEE,8,7.268288199300923,1,1.0,0,0,0,0
H0321,historical,EEE,6,7.445702523148173,0,1.0,0,0,0,0
H0322,historical,ECE,8,7.40334765230573,0,1.0,0,0,0,0
H0323,historical,CSE,5,6.169787552925634,2,0.0,0,0,0,0
H0324,historical,ECE,6,7.416692764769483,3,1.0,0,0,0,0
H0325,historical,Civil,5,7.352135117786015,3,1.0,0,0,0,0
H0326,historical,ME,8,7.257578013573564,1,1.0,0,0,0,0
H0327,historical,Civil,7,6.374713884676012,1,1.0,0,0,0,0
H0328,historical,ECE,8,6.193267969903778,3,1.0,0,0,0,0
H0329,historical,ME,6,6.479056240466967,4,1.0,0,0,0,0
H0330,historical,CSE,7,6.595303336079582,2,1.0,0,0,0,0
H0331,historical,ME,5,6.760155037273414,3,1.0,0,0,0,0
H0332,historical,CSE,5,7.81234122754381,2,1.0,0,0,0,0
H0333,historical,ME,7,5.9469205265581895,3,1.0,0,0,0,0
H0334,historical,Civil,3,6.593678177124213,0,0.0,0,0,0,0
H0335,historical,CSE,7,8.396090357013025,1,1.0,0,0,0,0
H0336,historical,ME,3,6.125432555605914,3,0.0,0,0,0,0
H0337,historical,CSE,6,6.429113011599361,2,1.0,0,0,0,0
H0338,historical,ME,5,5.646354792506992,4,0.0,0,0,0,0
H0339,historical,CSE,5,7.231546117095745,1,1.0,0,0,0,0
H0340,historical,EEE,5,6.8127039555723705,0,1.0,0,0,0,0
H0341,historical,CSE,5,7.459389392767834,1,1.0,0,0,0,0
H0342,historical,EEE,5,5.293562931388972,2,0.0,0,0,0,0
H0343,historical,Civil,5,5.234685416838586,1,1.0,0,0,0,0
H0344,historical,ME,6,5.681673724941207,1,0.0,0,0,0,0
H0345,historical,Civil,7,6.490259700993359,2,0.0,0,0,0,0
H0346,historical,Civil,6,7.95893706243464,1,1.0,0,0,0,0
H0347,historical,EEE,6,6.856488700511284,1,0.0,0,0,0,0
H0348,historical,CSE,8,7.62343926576379,2,1.0,0,0,0,0
H0349,historical,ME,8,5.152083005996347,1,1.0,0,0,0,0
H0350,historical,CSE,3,7.710345240102273,0,1.0,0,0,0,0
H0351,historical,ME,7,5.506454884902055,5,1.0,0,0,0,0
H0352,historical,CSE,4,7.219749880352017,2,0.0,0,0,0,0
H0353,historical,ME,4,4.898786190376605,0,1.0,0,0,0,0
H0354,historical,ME,7,6.486510640241869,3,1.0,0,0,0,0
H0355,historical,ECE,3,8.179828380034373,1,1.0,0,0,0,0
H0356,historical,ECE,8,6.721582562068846,0,0.0,0,0,0,0
H0357,historical,Civil,7,6.115412997891464,3,0.0,0,0,0,0
H0358,historical,Civil,8,6.480511222198627,2,0.0,0,0,0,0
H0359,historical,ECE,7,7.785735681289367,2,1.0,0,0,0,0
H0360,historical,ME,8,6.945699544405207,1,1.0,0,0,0,0
H0361,historical,EEE,3,6.251895150872828,0,1.0,0,0,0,0
H0362,historical,CSE,8,8.024832697131698,1,1.0,0,0,0,0
H0363,historical,CSE,3,8.44336425705758,1,1.0,0,0,0,0
H0364,historical,CSE,4,8.289921578498184,1,1.0,0,0,0,0
H0365,historical,ME,3,5.530424023432653,2,1.0,0,0,0,0
H0366,historical,ECE,5,7.317242362471672,0,0.0,0,0,0,0
H0367,historical,Civil,7,6.358073111862413,2,1.0,0,0,0,0
H0368,historical,ME,4,6.550655604370015,1,0.0,0,0,0,0
H0369,historical,CSE,7,6.336008471923591,2,0.0,0,0,0,0
H0370,historical,Civil,6,5.119264354347374,2,0.0,0,0,0,0
H0371,historical,Civil,6,6.274082802931796,2,1.0,0,0,0,0
H0372,historical,CSE,8,5.997809155365479,1,1.0,0,0,0,0
H0373,historical,ECE,5,5.808497562531016,1,1.0,0,0,0,0
H0374,historical,CSE,5,6.910707977165101,1,1.0,0,0,0,0
H0375,historical,CSE,8,6.566605611646345,2,1.0,0,0,0,0
H0376,historical,CSE,6,5.711948100670007,1,0.0,0,0,0,0
H0377,historical,EEE,6,5.555952090128475,3,1.0,0,0,0,0
H0378,historical,ECE,4,6.669380721534332,1,1.0,0,0,0,0
H0379,historical,ECE,4,7.231000268977154,1,1.0,0,0,0,0
H0380,historical,ME,4,6.184080327263056,1,0.0,0,0,0,0
H0381,historical,ME,4,6.821746329503068,2,1.0,0,0,0,0
H0382,historical,EEE,4,6.7402077366219615,2,1.0,0,0,0,0
H0383,historical,Civil,7,6.082178988527414,1,1.0,0,0,0,0
H0384,historical,ECE,3,6.309418704023653,2,1.0,0,0,0,0
H0385,historical,ECE,6,5.491811091027261,1,1.0,0,0,0,0
H0386,historical,EEE,8,5.829522397119784,2,1.0,0,0,0,0
H0387,historical,ME,7,5.453103567173436,1,0.0,0,0,0,0
H0388,historical,EEE,5,6.059688539167959,2,0.0,0,0,0,0
H0389,historical,CSE,3,6.826407057278825,4,0.0,0,0,0,0
H0390,historical,Civil,8,7.911543026652565,2,1.0,0,0,0,0
H0391,historical,ME,3,7.576003252152443,0,1.0,0,0,0,0
H0392,historical,CSE,7,8.58399447429424,2,1.0,0,0,0,0
H0393,historical,ME,7,6.694877006763228,1,1.0,0,0,0,0
H0394,historical,ME,4,6.659734837330013,1,1.0,0,0,0,0
H0395,historical,CSE,7,5.587936642728703,2,1.0,0,0,0,0
H0396,historical,ECE,4,6.847148482062512,1,0.0,0,0,0,0
H0397,historical,Civil,4,5.735461252312103,2,1.0,0,0,0,0
H0398,historical,CSE,7,6.732430454715264,1,1.0,0,0,0,0
H0399,historical,ECE,8,7.908219398098551,2,1.0,0,0,0,0
H0400,historical,ECE,4,6.800390715493535,4,1.0,0,0,0,0
H0401,historical,CSE,8,6.094078575223032,1,1.0,0,0,0,0
H0402,historical,EEE,8,5.918358529226429,1,1.0,0,0,0,0
H0403,historical,Civil,7,7.321618898956077,1,1.0,0,0,0,0
H0404,historical,CSE,3,7.348454205604114,2,1.0,0,0,0,0
H0405,historical,EEE,4,7.682375933758391,1,1.0,0,0,0,0
H0406,historical,Civil,7,5.492179382515839,3,1.0,0,0,0,0
H0407,historical,CSE,8,7.576839654713608,0,1.0,0,0,0,0
H0408,historical,Civil,7,7.290167298880447,3,1.0,0,0,0,0
H0409,historical,CSE,5,6.238974184234132,0,0.0,0,0,0,0
H0410,historical,EEE,4,6.258855322735214,1,1.0,0,0,0,0
H0411,historical,ME,8,7.227171984758061,1,1.0,0,0,0,0
H0412,historical,ME,4,5.268338854669317,2,0.0,0,0,0,0
H0413,historical,CSE,5,7.318645850723708,1,1.0,0,0,0,0
H0414,historical,Civil,8,7.585495506196742,0,1.0,0,0,0,0
H0415,historical,CSE,6,7.228010877937359,2,1.0,0,0,0,0
H0416,historical,CSE,4,7.261773115828945,0,1.0,0,0,0,0
H0417,historical,CSE,3,6.537272205822408,2,1.0,0,0,0,0
H0418,historical,Civil,5,5.154801751186314,0,0.0,0,0,0,0
H0419,historical,CSE,8,7.289623660879758,1,1.0,0,0,0,0
H0420,historical,EEE,5,7.183728645498219,1,1.0,0,0,0,0
H0421,historical,ME,7,7.106346387792306,2,1.0,0,0,0,0
H0422,historical,CSE,4,7.264310120936109,0,1.0,0,0,0,0
H0423,historical,CSE,7,6.658322350086755,4,1.0,0,0,0,0
H0424,historical,CSE,7,6.822669399786775,3,0.0,0,0,0,0
H0425,historical,ME,6,5.891140516178517,0,1.0,0,0,0,0
H0426,historical,Civil,7,8.032050204909103,1,1.0,0,0,0,0
H0427,historical,CSE,6,6.677648832126859,1,1.0,0,0,0,0
H0428,historical,Civil,5,6.513558980999841,1,0.0,0,0,0,0
H0429,historical,CSE,7,6.858142293203259,2,1.0,0,0,0,0
H0430,historical,Civil,8,5.910638642709292,0,0.0,0,0,0,0
H0431,historical,EEE,8,6.487261657537959,2,1.0,0,0,0,0
H0432,historical,Civil,4,7.1519298304940255,2,1.0,0,0,0,0
H0433,historical,ME,7,6.149463982625944,0,1.0,0,0,0,0
H0434,historical,Civil,3,7.26333373046449,1,1.0,0,0,0,0
H0435,historical,CSE,6,8.164137787465302,1,1.0,0,0,0,0
H0436,historical,CSE,6,5.610914277742374,1,1.0,0,0,0,0
H0437,historical,CSE,5,7.066330763770387,1,1.0,0,0,0,0
H0438,historical,ECE,8,7.225693498295479,4,1.0,0,0,0,0
H0439,historical,ME,8,6.046789704225419,0,0.0,0,0,0,0
H0440,historical,ME,3,7.150227084105637,0,1.0,0,0,0,0
H0441,historical,Civil,4,6.410720169468511,1,0.0,0,0,0,0
H0442,historical,CSE,4,5.837193985960341,3,1.0,0,0,0,0
H0443,historical,ME,8,5.9394792997957815,0,1.0,0,0,0,0
H0444,historical,CSE,6,7.182942425984521,1,1.0,0,0,0,0
H0445,historical,CSE,7,7.072068919676983,0,1.0,0,0,0,0
H0446,historical,ME,7,5.035001062705858,2,1.0,0,0,0,0
H0447,historical,EEE,7,5.657961975629949,3,1.0,0,0,0,0
H0448,historical,ME,3,6.002379899978307,1,1.0,0,0,0,0
H0449,historical,CSE,3,7.068419489488381,1,0.0,0,0,0,0
H0450,historical,ME,5,7.812075289574764,1,1.0,0,0,0,0
H0451,historical,CSE,5,7.699355572276515,3,1.0,0,0,0,0
H0452,historical,Civil,7,8.472986740178161,2,1.0,0,0,0,0
H0453,historical,ME,3,7.408050076661084,1,0.0,0,0,0,0
H0454,historical,CSE,5,7.193572194060572,0,1.0,0,0,0,0
H0455,historical,CSE,4,6.908189738427006,3,1.0,0,0,0,0
H0456,historical,CSE,4,6.849121503399167,1,0.0,0,0,0,0
H0457,historical,EEE,4,8.058277104728681,0,0.0,0,0,0,0
H0458,historical,ECE,4,7.409627219209838,2,1.0,0,0,0,0
H0459,historical,Civil,6,6.523289402410746,4,1.0,0,0,0,0
H0460,historical,ME,5,7.778955076360891,1,1.0,0,0,0,0
H0461,historical,ME,5,6.181497700969932,2,0.0,0,0,0,0
H0462,historical,CSE,5,6.890882274262252,1,1.0,0,0,0,0
H0463,historical,EEE,7,6.981776854402027,4,1.0,0,0,0,0
H0464,historical,CSE,8,8.261741857026495,2,1.0,0,0,0,0
H0465,historical,ME,6,5.841521617601846,3,1.0,0,0,0,0
H0466,historical,ME,6,5.289422309837046,5,1.0,0,0,0,0
H0467,historical,ME,7,5.533810144594195,2,1.0,0,0,0,0
H0468,historical,EEE,7,7.122084884937068,0,0.0,0,0,0,0
H0469,historical,CSE,3,6.246098875952418,2,0.0,0,0,0,0
H0470,historical,ECE,8,5.595978376234041,2,1.0,0,0,0,0
H0471,historical,ECE,3,7.073376231875479,1,1.0,0,0,0,0
H0472,historical,ECE,5,6.278196821547872,1,1.0,0,0,0,0
H0473,historical,CSE,6,6.257387257585013,1,0.0,0,0,0,0
H0474,historical,CSE,5,7.257225599476845,0,1.0,0,0,0,0
H0475,historical,CSE,4,7.3030854688980735,2,1.0,0,0,0,0
H0476,historical,CSE,8,5.776376143243702,3,0.0,0,0,0,0
H0477,historical,ECE,3,5.459799287417867,0,1.0,0,0,0,0
H0478,historical,ME,4,5.88797459295881,1,1.0,0,0,0,0
H0479,historical,ME,8,7.409123367745176,1,1.0,0,0,0,0
H0480,historical,ECE,7,7.249822500047847,0,1.0,0,0,0,0
H0481,historical,ECE,3,5.377205079526913,1,0.0,0,0,0,0
H0482,historical,CSE,7,7.654263778717313,0,1.0,0,0,0,0
H0483,historical,ME,8,5.555884154470233,1,1.0,0,0,0,0
H0484,historical,CSE,3,7.723792508052942,0,1.0,0,0,0,0
H0485,historical,CSE,5,6.605670263806003,0,1.0,0,0,0,0
H0486,historical,ECE,5,6.780605705331442,1,0.0,0,0,0,0
H0487,historical,ECE,3,6.214954573103778,0,1.0,0,0,0,0
H0488,historical,CSE,4,7.757254369122207,0,1.0,0,0,0,0
H0489,historical,ME,4,5.051073094198241,0,0.0,0,0,0,0
H0490,historical,ME,4,6.036346106846713,1,0.0,0,0,0,0
H0491,historical,ME,5,6.754361546341005,1,1.0,0,0,0,0
H0492,historical,ME,5,5.603229322862459,1,1.0,0,0,0,0
H0493,historical,ME,4,7.025073932545227,0,1.0,0,0,0,0
H0494,historical,CSE,4,8.008938936826514,2,1.0,0,0,0,0
H0495,historical,Civil,4,7.185753499360747,2,0.0,0,0,0,0
H0496,historical,ECE,7,6.770448753299749,2,1.0,0,0,0,0
H0497,historical,ECE,4,7.290160117371524,0,1.0,0,0,0,0
H0498,historical,ME,8,8.073486914585851,3,1.0,0,0,0,0
H0499,historical,ECE,6,5.121131835149807,3,1.0,0,0,0,0
H0500,historical,ECE,7,7.373604533816392,2,0.0,0,0,0,0
H0501,historical,ME,6,7.779048520399269,2,1.0,0,0,0,0
H0502,historical,Civil,4,4.423256765254545,2,1.0,0,0,0,0
H0503,historical,EEE,6,6.422008235706277,3,1.0,0,0,0,0
H0504,historical,ECE,4,7.464917615920917,2,1.0,0,0,0,0
H0505,historical,ECE,3,7.498437048894686,3,1.0,0,0,0,0
H0506,historical,Civil,4,7.116804355972114,2,1.0,0,0,0,0
H0507,historical,CSE,4,7.108766343919304,2,0.0,0,0,0,0
H0508,historical,Civil,3,7.36985224699202,2,1.0,0,0,0,0
H0509,historical,ECE,3,5.762020506210033,2,1.0,0,0,0,0
H0510,historical,CSE,8,7.249094590289977,2,1.0,0,0,0,0
H0511,historical,CSE,6,7.406671901498108,3,1.0,0,0,0,0
H0512,historical,Civil,5,6.729724170819193,4,1.0,0,0,0,0
H0513,historical,CSE,8,6.843612561679306,3,1.0,0,0,0,0
H0514,historical,CSE,4,5.800565806585349,2,1.0,0,0,0,0
H0515,historical,CSE,5,7.812492731690915,2,1.0,0,0,0,0
H0516,historical,CSE,8,8.008424309430152,2,1.0,0,0,0,0
H0517,historical,CSE,6,7.467070111615044,2,1.0,0,0,0,0
H0518,historical,ME,5,7.0822052318739255,2,1.0,0,0,0,0
H0519,historical,CSE,4,7.80563641305885,2,1.0,0,0,0,0
H0520,historical,Civil,3,7.435025704703964,0,1.0,0,0,0,0
H0521,historical,Civil,3,7.896814604433539,2,1.0,0,0,0,0
H0522,historical,ECE,3,6.584865305702523,2,1.0,0,0,0,0
H0523,historical,CSE,7,8.043107185843647,1,1.0,0,0,0,0
H0524,historical,ME,6,6.148650210016621,1,1.0,0,0,0,0
H0525,historical,CSE,5,6.687690839101559,2,1.0,0,0,0,0
H0526,historical,ECE,7,6.18735212703205,0,1.0,0,0,0,0
H0527,historical,EEE,3,7.588994090544891,1,1.0,0,0,0,0
H0528,historical,EEE,4,6.396503849244072,3,1.0,0,0,0,0
H0529,historical,Civil,5,5.091229358033694,3,0.0,0,0,0,0
H0530,historical,CSE,8,8.265490992172388,0,1.0,0,0,0,0
H0531,historical,ME,6,5.709975902852862,1,1.0,0,0,0,0
H0532,historical,ME,8,6.71359643685293,0,0.0,0,0,0,0
H0533,historical,ECE,4,6.717463130785814,3,1.0,0,0,0,0
H0534,historical,ME,8,4.712889889014997,0,0.0,0,0,0,0
H0535,historical,CSE,3,7.412711680846047,0,0.0,0,0,0,0
H0536,historical,CSE,4,6.483098943187184,0,1.0,0,0,0,0
H0537,historical,ECE,6,5.823763255816523,3,0.0,0,0,0,0
H0538,historical,CSE,3,8.149261156242222,1,1.0,0,0,0,0
H0539,historical,CSE,8,6.903540588430252,3,1.0,0,0,0,0
H0540,historical,Civil,8,6.771173273495178,1,1.0,0,0,0,0
H0541,historical,EEE,6,6.011047709213479,2,1.0,0,0,0,0
H0542,historical,ME,4,6.8724486360086425,1,1.0,0,0,0,0
H0543,historical,Civil,3,6.565191139106092,1,1.0,0,0,0,0
H0544,historical,EEE,6,7.491148214154768,0,1.0,0,0,0,0
H0545,historical,CSE,6,7.436003371021906,2,1.0,0,0,0,0
H0546,historical,ECE,7,5.967196424445227,3,0.0,0,0,0,0
H0547,historical,ECE,6,6.665303722020153,3,1.0,0,0,0,0
H0548,historical,CSE,3,7.464274663076336,3,1.0,0,0,0,0
H0549,historical,Civil,3,7.800000664057441,2,1.0,0,0,0,0
H0550,historical,ECE,7,5.829602058416169,1,1.0,0,0,0,0
H0551,historical,ECE,3,4.845977094806635,2,0.0,0,0,0,0
H0552,historical,CSE,8,7.241394788366293,0,1.0,0,0,0,0
H0553,historical,CSE,3,6.832884292750889,0,0.0,0,0,0,0
H0554,historical,EEE,7,7.3816031828254705,1,1.0,0,0,0,0
H0555,historical,CSE,8,7.733129251798146,1,1.0,0,0,0,0
H0556,historical,CSE,5,6.6180928811752455,2,1.0,0,0,0,0
H0557,historical,CSE,3,7.809460629376023,2,1.0,0,0,0,0
H0558,historical,ECE,8,6.506959083959792,2,1.0,0,0,0,0
H0559,historical,ME,4,6.537729685617589,0,0.0,0,0,0,0
H0560,historical,ECE,6,7.147552043270091,1,1.0,0,0,0,0
H0561,historical,CSE,8,7.383985679627406,1,1.0,0,0,0,0
H0562,historical,CSE,7,7.017265693516428,4,0.0,0,0,0,0
H0563,historical,Civil,3,5.5427399251796485,0,1.0,0,0,0,0
H0564,historical,ME,7,5.870988094791723,0,0.0,0,0,0,0
H0565,historical,ME,3,6.609747610938838,1,1.0,0,0,0,0
H0566,historical,ME,7,7.544872700438524,0,1.0,0,0,0,0
H0567,historical,Civil,6,4.558260852556226,1,1.0,0,0,0,0
H0568,historical,CSE,4,7.545823218774919,3,1.0,0,0,0,0
H0569,historical,ECE,5,6.511765976268198,3,0.0,0,0,0,0
H0570,historical,ECE,3,7.739580142679082,2,1.0,0,0,0,0
H0571,historical,CSE,8,5.710065584143589,1,1.0,0,0,0,0
H0572,historical,Civil,4,6.928357260933421,0,1.0,0,0,0,0
H0573,historical,ECE,4,6.210055904587865,1,1.0,0,0,0,0
H0574,historical,Civil,6,7.088142191808181,2,1.0,0,0,0,0
H0575,historical,Civil,7,8.276930282606376,1,1.0,0,0,0,0
H0576,historical,ECE,6,7.875024579423162,1,0.0,0,0,0,0
H0577,historical,EEE,6,6.481499183850008,2,1.0,0,0,0,0
H0578,historical,ME,6,5.136234460074136,4,0.0,0,0,0,0
H0579,historical,Civil,8,6.10936273072811,0,1.0,0,0,0,0
H0580,historical,CSE,5,7.7027065088179105,3,1.0,0,0,0,0
H0581,historical,ECE,7,6.585708921827663,2,1.0,0,0,0,0
H0582,historical,ECE,7,5.661017515735239,1,1.0,0,0,0,0
H0583,historical,CSE,8,7.422618155386663,0,1.0,0,0,0,0
H0584,historical,ECE,8,6.438405636491732,0,0.0,0,0,0,0
H0585,historical,EEE,7,7.41852750156899,2,1.0,0,0,0,0
H0586,historical,ME,4,6.419131474995894,2,1.0,0,0,0,0
H0587,historical,CSE,7,6.566790530247996,4,1.0,0,0,0,0
H0588,historical,CSE,7,7.816729115439755,2,1.0,0,0,0,0
H0589,historical,CSE,4,7.169928691657924,0,1.0,0,0,0,0
H0590,historical,CSE,7,7.076478025161439,1,1.0,0,0,0,0
H0591,historical,EEE,4,6.4914907791816585,0,0.0,0,0,0,0
H0592,historical,ECE,6,7.379080059200695,3,1.0,0,0,0,0
H0593,historical,CSE,7,6.040756621134731,2,1.0,0,0,0,0
H0594,historical,ME,4,6.273368301306034,1,1.0,0,0,0,0
H0595,historical,CSE,5,8.36383755051839,1,1.0,0,0,0,0
H0596,historical,CSE,7,6.4896770761548,1,1.0,0,0,0,0
H0597,historical,ME,5,7.289280653634004,1,0.0,0,0,0,0
H0598,historical,ME,8,6.994667874030413,1,1.0,0,0,0,0
H0599,historical,EEE,3,4.842536489276014,1,0.0,0,0,0,0
H0600,historical,ME,7,5.982447998183179,1,1.0,0,0,0,0
C0001,current,ECE,7,6.759058211109689,0,1.0,0,0,0,1
C0002,current,Civil,8,5.75945837172322,1,1.0,0,0,0,1
C0003,current,EEE,3,5.924983549987886,2,1.0,0,0,0,1
C0004,current,ME,8,5.933667804149636,3,1.0,0,0,0,1
C0005,current,EEE,5,5.706538893152508,2,1.0,0,0,0,1
C0006,current,Civil,5,10.0,1,1.0,0,0,0,1
C0007,current,Civil,5,7.059090761474365,1,1.0,0,0,0,1
C0008,current,CSE,6,7.722186970967538,0,1.0,0,0,0,1
C0009,current,ME,6,6.16675476560701,1,1.0,0,0,0,1
C0010,current,ECE,5,5.9861018410415685,3,1.0,0,0,0,1
C0011,current,ME,3,7.591980339900729,2,1.0,0,0,0,1
C0012,current,ME,8,4.9203766335327845,1,1.0,0,0,0,1
C0013,current,EEE,4,5.755554716045282,0,1.0,0,0,0,1
C0014,current,EEE,3,5.442358424369195,1,1.0,0,0,0,1
C0015,current,CSE,6,6.84031739456115,0,1.0,0,0,0,1
C0016,current,ME,5,7.652583605963309,1,1.0,0,0,0,1
C0017,current,ME,6,8.805774430466412,2,1.0,0,0,0,1
C0018,current,CSE,8,7.605283890688484,1,1.0,0,0,0,1
C0019,current,CSE,3,6.777360588484196,0,1.0,0,0,0,1
C0020,current,CSE,4,6.0305431784295696,1,1.0,0,0,0,1
C0021,current,Civil,6,7.554293627364279,2,1.0,0,0,0,1
C0022,current,ECE,7,6.852825770299545,1,1.0,0,0,0,1
C0023,current,EEE,6,7.523282886979608,1,1.0,0,0,0,1
C0024,current,ECE,5,6.299866944981536,1,1.0,0,0,0,1
C0025,current,EEE,6,6.804654289596599,1,1.0,0,0,0,1
C0026,current,ECE,8,7.847088409913482,1,1.0,0,0,0,1
C0027,current,Civil,5,6.76185751610813,0,1.0,0,0,0,1
C0028,current,CSE,8,7.962155494104586,2,1.0,0,0,0,1
C0029,current,ME,7,7.424230909670595,0,1.0,0,0,0,1
C0030,current,Civil,4,5.733212407110982,2,1.0,0,0,0,1
C0031,current,EEE,4,6.99595545385146,2,1.0,0,0,0,1
C0032,current,Civil,7,7.077712288154055,2,1.0,0,0,0,1
C0033,current,CSE,4,5.599533440326875,2,1.0,0,0,0,1
C0034,current,ECE,5,5.8830741911808335,1,1.0,0,0,0,1
C0035,current,CSE,4,8.03480717912747,1,1.0,0,0,0,1
C0036,current,CSE,6,8.024584915131918,1,1.0,0,0,0,1
C0037,current,ME,4,6.821921240807455,1,1.0,0,0,0,1
C0038,current,ME,6,5.731724737619454,3,1.0,0,0,0,1
C0039,current,Civil,8,6.519121038828247,2,1.0,0,0,0,1
C0040,current,Civil,7,7.260822087944925,1,1.0,0,0,0,1
C0041,current,ME,8,6.735718598196503,2,1.0,0,0,0,1
C0042,current,Civil,3,7.796515238709392,1,1.0,0,0,0,1
C0043,current,CSE,5,5.425235577682585,2,1.0,0,0,0,1
C0044,current,CSE,4,6.879053764443702,4,1.0,0,0,0,1
C0045,current,ME,8,5.66740820279727,2,1.0,0,0,0,1
C0046,current,Civil,7,5.8994460634470745,0,1.0,0,0,0,1
C0047,current,CSE,4,8.697649947251325,2,1.0,0,0,0,1
C0048,current,ECE,6,6.9118872554320285,2,1.0,0,0,0,1
C0049,current,ME,6,5.363126377341142,0,1.0,0,0,0,1
C0050,current,CSE,5,6.552452466148488,0,1.0,0,0,0,1
C0051,current,ECE,5,5.854650748827261,1,1.0,0,0,0,1
C0052,current,Civil,3,4.994269857214851,1,1.0,0,0,0,1
C0053,current,ME,5,6.499536234221839,2,1.0,0,0,0,1
C0054,current,CSE,5,9.09752926181829,2,1.0,0,0,0,1
C0055,current,Civil,7,7.039594992395166,2,1.0,0,0,0,1
C0056,current,CSE,8,6.839113298690682,0,1.0,0,0,0,1
C0057,current,Civil,7,5.696883728624781,1,1.0,0,0,0,1
C0058,current,CSE,3,7.0977317332951895,1,1.0,0,0,0,1
C0059,current,ME,8,5.287891328864136,0,1.0,0,0,0,1
C0060,current,ECE,5,6.052145326556336,2,1.0,0,0,0,1
C0061,current,CSE,5,7.1921869042205815,0,1.0,0,0,0,1
C0062,current,Civil,8,5.277125027431396,2,1.0,0,0,0,1
C0063,current,CSE,8,6.359851056547658,1,1.0,0,0,0,1
C0064,current,CSE,3,7.822785296236293,0,1.0,0,0,0,1
C0065,current,CSE,5,6.189927797303628,2,1.0,0,0,0,1
C0066,current,ME,7,8.06523672753256,0,1.0,0,0,0,1
C0067,current,Civil,6,6.131774892396767,2,1.0,0,0,0,1
C0068,current,EEE,4,7.29619792708441,2,1.0,0,0,0,1
C0069,current,CSE,6,6.057216789864652,3,1.0,0,0,0,1
C0070,current,ECE,8,7.691843574023864,1,1.0,0,0,0,1
C0071,current,CSE,4,6.839822783692669,1,1.0,0,0,0,1
C0072,current,ME,7,6.513025319043596,1,1.0,0,0,0,1
C0073,current,EEE,7,6.626657122247519,0,1.0,0,0,0,1
C0074,current,ME,8,5.349425570787009,2,1.0,0,0,0,1
C0075,current,ME,4,7.181868800474641,2,1.0,0,0,0,1
C0076,current,ECE,4,6.749163328188259,0,1.0,0,0,0,1
C0077,current,EEE,6,5.8541111626111295,1,1.0,0,0,0,1
C0078,current,ECE,6,6.0952735791066965,3,1.0,0,0,0,1
C0079,current,CSE,5,6.803513539164491,4,1.0,0,0,0,1
C0080,current,ECE,7,6.182242082910601,3,1.0,0,0,0,1
C0081,current,CSE,7,5.966817898230842,2,1.0,0,0,0,1
C0082,current,CSE,4,6.863068675603557,2,1.0,0,0,0,1
C0083,current,CSE,7,7.222230662895821,0,1.0,0,0,0,1
C0084,current,ECE,4,6.8273572621926135,3,1.0,0,0,0,1
C0085,current,ME,5,5.573520964939782,1,1.0,0,0,0,1
C0086,current,CSE,3,7.877475929121659,2,1.0,0,0,0,1
C0087,current,ECE,5,5.6698683919565225,3,1.0,0,0,0,1
C0088,current,EEE,8,4.78736960622045,1,1.0,0,0,0,1
C0089,current,Civil,5,5.755126141222945,1,1.0,0,0,0,1
C0090,current,ECE,7,6.455801125045326,1,1.0,0,0,0,1
C0091,current,CSE,3,7.3328051522323,0,1.0,0,0,0,1
C0092,current,Civil,6,6.542604560528309,2,1.0,0,0,0,1
C0093,current,CSE,5,7.142209740503271,2,1.0,0,0,0,1
C0094,current,CSE,7,6.467213260307311,1,1.0,0,0,0,1
C0095,current,EEE,8,5.628934734723402,1,1.0,0,0,0,1
C0096,current,ECE,6,7.166413637930244,4,1.0,0,0,0,1
C0097,current,ME,3,6.218166245781186,0,1.0,0,0,0,1
C0098,current,ME,5,6.988385302562366,2,1.0,0,0,0,1
C0099,current,ME,3,7.146906869937834,2,1.0,0,0,0,1
C0100,current,CSE,5,6.818761948899562,1,1.0,0,0,0,1
C0101,current,CSE,3,7.119327338801162,2,1.0,0,0,0,1
C0102,current,CSE,6,6.70479736605987,1,1.0,0,0,0,1
C0103,current,CSE,4,5.92774056511997,2,1.0,0,0,0,1
C0104,current,Civil,4,6.624413620463765,3,1.0,0,0,0,1
C0105,current,CSE,3,7.3768621169767155,0,1.0,0,0,0,1
C0106,current,ME,8,4.531189943822454,1,1.0,0,0,0,1
C0107,current,Civil,8,5.50895160291383,3,1.0,0,0,0,1
C0108,current,Civil,7,7.043477785250039,1,1.0,0,0,0,1
C0109,current,ECE,3,6.874036848150331,1,1.0,0,0,0,1
C0110,current,ECE,5,5.75884080245848,1,1.0,0,0,0,1
C0111,current,EEE,8,6.494808515048574,0,1.0,0,0,0,1
C0112,current,ME,6,6.827119095414579,2,1.0,0,0,0,1
C0113,current,Civil,3,7.5747933926172335,2,1.0,0,0,0,1
C0114,current,EEE,3,5.966652622231451,0,1.0,0,0,0,1
C0115,current,Civil,4,7.047098698066902,0,1.0,0,0,0,1
C0116,current,CSE,8,7.314481886966699,1,1.0,0,0,0,1
C0117,current,ME,4,6.958081843026655,2,1.0,0,0,0,1
C0118,current,CSE,8,7.584207500953793,1,1.0,0,0,0,1
C0119,current,ME,7,6.695870976913679,0,1.0,0,0,0,1
C0120,current,EEE,8,6.3594188300577015,1,1.0,0,0,0,1
C0121,current,ECE,7,6.10122723001493,5,1.0,0,0,0,1
C0122,current,ECE,4,7.9191613942976815,3,1.0,0,0,0,1
C0123,current,CSE,7,6.094839362982038,1,1.0,0,0,0,1
C0124,current,EEE,4,6.259001141224657,2,1.0,0,0,0,1
C0125,current,CSE,4,7.322640984694524,4,1.0,0,0,0,1
C0126,current,CSE,4,7.812302052290815,1,1.0,0,0,0,1
C0127,current,CSE,3,8.785549805835958,2,1.0,0,0,0,1
C0128,current,CSE,3,6.086717889976997,0,1.0,0,0,0,1
C0129,current,ECE,4,7.037853599278164,4,1.0,0,0,0,1
C0130,current,ECE,3,7.793427679475361,1,1.0,0,0,0,1
C0131,current,CSE,5,7.924670104067927,1,1.0,0,0,0,1
C0132,current,CSE,3,8.206694864212018,4,1.0,0,0,0,1
C0133,current,CSE,3,6.577943536055224,2,1.0,0,0,0,1
C0134,current,ECE,8,7.143804443182228,2,1.0,0,0,0,1
C0135,current,CSE,3,5.781824092736734,2,1.0,0,0,0,1
C0136,current,ME,3,8.009599978717821,3,1.0,0,0,0,1
C0137,current,CSE,3,7.060405090977734,1,1.0,0,0,0,1
C0138,current,CSE,3,7.798912377597419,1,1.0,0,0,0,1
C0139,current,ECE,6,6.026567464910782,6,1.0,0,0,0,1
C0140,current,ECE,7,6.607997101535249,2,1.0,0,0,0,1
C0141,current,CSE,7,8.285875885668572,0,1.0,0,0,0,1
C0142,current,CSE,6,6.846789897934382,2,1.0,0,0,0,1
C0143,current,Civil,3,7.502889291168634,1,1.0,0,0,0,1
C0144,current,CSE,7,7.685043801145137,1,1.0,0,0,0,1
C0145,current,ECE,3,6.514364793107903,3,1.0,0,0,0,1
C0146,current,ECE,6,6.2602954598396,2,1.0,0,0,0,1
C0147,current,CSE,5,7.932353970762929,4,1.0,0,0,0,1
C0148,current,ECE,8,6.068380501254619,0,1.0,0,0,0,1
C0149,current,Civil,4,7.345755899863487,1,1.0,0,0,0,1
C0150,current,Civil,6,6.802103632038108,1,1.0,0,0,0,1
C0151,current,CSE,5,8.71805344988085,2,1.0,0,0,0,1
C0152,current,CSE,6,7.338920505067778,2,1.0,0,0,0,1
C0153,current,CSE,8,8.036535468340858,3,1.0,0,0,0,1
C0154,current,ECE,7,6.296044585671018,4,1.0,0,0,0,1
C0155,current,ME,5,5.365976214486571,2,1.0,0,0,0,1
C0156,current,CSE,5,7.70576087544323,3,1.0,0,0,0,1
C0157,current,CSE,7,6.839622093205053,1,1.0,0,0,0,1
C0158,current,EEE,5,6.484569698917378,1,1.0,0,0,0,1
C0159,current,CSE,4,7.2498682532972465,1,1.0,0,0,0,1
C0160,current,ECE,5,6.647016143304788,1,1.0,0,0,0,1
C0161,current,ME,3,5.68818389628064,1,1.0,0,0,0,1
C0162,current,CSE,4,8.125783116958281,0,1.0,0,0,0,1
C0163,current,CSE,5,6.17994647290754,3,1.0,0,0,0,1
C0164,current,CSE,7,8.804860359338413,1,1.0,0,0,0,1
C0165,current,EEE,7,6.665200082217221,3,1.0,0,0,0,1
C0166,current,CSE,4,5.750289930469315,1,1.0,0,0,0,1
C0167,current,CSE,5,5.236074263552678,3,1.0,0,0,0,1
C0168,current,CSE,3,6.230737424808045,1,1.0,0,0,0,1
C0169,current,CSE,7,7.191261899075739,0,1.0,0,0,0,1
C0170,current,ME,4,6.31873453577483,1,1.0,0,0,0,1
C0171,current,CSE,7,6.591063467931749,0,1.0,0,0,0,1
C0172,current,ME,8,6.607781227742454,0,1.0,0,0,0,1
C0173,current,ME,7,5.448398590346216,2,1.0,0,0,0,1
C0174,current,Civil,4,6.499358549637948,0,1.0,0,0,0,1
C0175,current,CSE,8,7.072621238903171,2,1.0,0,0,0,1
C0176,current,Civil,7,5.889095520320873,2,1.0,0,0,0,1
C0177,current,ME,6,6.869156759677544,3,1.0,0,0,0,1
C0178,current,CSE,8,6.969655424559817,1,1.0,0,0,0,1
C0179,current,Civil,8,7.013306364399343,1,1.0,0,0,0,1
C0180,current,Civil,3,6.817683967503746,3,1.0,0,0,0,1
C0181,current,CSE,8,6.113215357539843,2,1.0,0,0,0,1
C0182,current,EEE,7,6.429786887519529,1,1.0,0,0,0,1
C0183,current,ECE,4,6.2506939283946,4,1.0,0,0,0,1
C0184,current,ME,4,6.798905157291682,0,1.0,0,0,0,1
C0185,current,EEE,7,7.286889934709216,3,1.0,0,0,0,1
C0186,current,ECE,4,6.128495082110241,2,1.0,0,0,0,1
C0187,current,Civil,5,6.432285842410111,0,1.0,0,0,0,1
C0188,current,CSE,7,7.28378538501244,3,1.0,0,0,0,1
C0189,current,Civil,6,7.468818831385548,0,1.0,0,0,0,1
C0190,current,ME,8,6.819796590415706,1,1.0,0,0,0,1
C0191,current,CSE,3,7.828510133135554,1,1.0,0,0,0,1
C0192,current,ECE,4,6.956986315978057,2,1.0,0,0,0,1
C0193,current,CSE,8,5.97526711832607,2,1.0,0,0,0,1
C0194,current,CSE,6,7.79396400117694,2,1.0,0,0,0,1
C0195,current,CSE,4,6.900048488947012,1,1.0,0,0,0,1
C0196,current,CSE,4,8.48540455010848,1,1.0,0,0,0,1
C0197,current,CSE,5,7.131651537729198,0,1.0,0,0,0,1
C0198,current,CSE,6,7.459714394542004,1,1.0,0,0,0,1
C0199,current,ME,4,7.332821944086004,1,1.0,0,0,0,1
C0200,current,ME,6,6.886226497119727,2,1.0,0,0,0,1
C0201,current,ME,5,5.728488237652885,1,1.0,0,0,0,1
C0202,current,CSE,6,6.968946109322108,2,1.0,0,0,0,1
C0203,current,Civil,3,7.072134195859757,1,1.0,0,0,0,1
C0204,current,ME,6,6.229928638244724,1,1.0,0,0,0,1
C0205,current,CSE,8,5.100546883031839,1,1.0,0,0,0,1
C0206,current,CSE,3,7.311542231049882,0,1.0,0,0,0,1
C0207,current,ME,4,6.545662047097007,1,1.0,0,0,0,1
C0208,current,CSE,7,8.919406824003238,4,1.0,0,0,0,1
C0209,current,ECE,6,5.982189667263987,1,1.0,0,0,0,1
C0210,current,EEE,7,8.935850964125049,3,1.0,0,0,0,1
C0211,current,CSE,6,7.415416855453885,2,1.0,0,0,0,1
C0212,current,CSE,7,7.582761246377957,2,1.0,0,0,0,1
C0213,current,EEE,6,6.061518560405928,0,1.0,0,0,0,1
C0214,current,ME,3,7.0571438694686535,4,1.0,0,0,0,1
C0215,current,CSE,7,5.971831181724363,1,1.0,0,0,0,1
C0216,current,Civil,5,6.853543203062048,2,1.0,0,0,0,1
C0217,current,Civil,3,5.946540011256158,1,1.0,0,0,0,1
C0218,current,ECE,5,6.2023636468869165,1,1.0,0,0,0,1
C0219,current,ME,5,6.8533497460397,1,1.0,0,0,0,1
C0220,current,CSE,3,6.064632846807499,2,1.0,0,0,0,1
C0221,current,CSE,8,6.721979312930343,6,1.0,0,0,0,1
C0222,current,ME,4,6.9987781112055725,0,1.0,0,0,0,1
C0223,current,CSE,4,6.707021558305888,1,1.0,0,0,0,1
C0224,current,ME,5,5.633005642675512,2,1.0,0,0,0,1
C0225,current,Civil,7,7.6126594370817,1,1.0,0,0,0,1
C0226,current,CSE,7,7.871964378122678,1,1.0,0,0,0,1
C0227,current,ME,7,7.900525076789331,0,1.0,0,0,0,1
C0228,current,CSE,4,6.467072173975856,0,1.0,0,0,0,1
C0229,current,Civil,8,7.367707532223622,2,1.0,0,0,0,1
C0230,current,CSE,7,6.9214210924850885,1,1.0,0,0,0,1
C0231,current,ME,5,5.010238263907652,0,1.0,0,0,0,1
C0232,current,ME,6,6.159178277024949,3,1.0,0,0,0,1
C0233,current,ECE,3,7.99884970623896,0,1.0,0,0,0,1
C0234,current,ME,7,6.874300076834523,3,1.0,0,0,0,1
C0235,current,ME,8,6.972861841774915,3,1.0,0,0,0,1
C0236,current,ME,5,7.383717162961479,1,1.0,0,0,0,1
C0237,current,Civil,6,5.114601664515121,1,1.0,0,0,0,1
C0238,current,EEE,5,8.116524358192018,2,1.0,0,0,0,1
C0239,current,ECE,3,7.356817632294312,0,1.0,0,0,0,1
C0240,current,ECE,6,6.564150858026508,1,1.0,0,0,0,1
C0241,current,CSE,7,8.543163393407557,2,1.0,0,0,0,1
C0242,current,Civil,8,5.661499498836697,0,1.0,0,0,0,1
C0243,current,ECE,8,6.419285347745031,1,1.0,0,0,0,1
C0244,current,ECE,5,7.394604562332298,3,1.0,0,0,0,1
C0245,current,CSE,8,7.432578993265876,5,1.0,0,0,0,1
C0246,current,Civil,6,7.12892214639404,1,1.0,0,0,0,1
C0247,current,ECE,6,7.060174682108678,0,1.0,0,0,0,1
C0248,current,ME,6,5.977079224364725,2,1.0,0,0,0,1
C0249,current,CSE,8,6.530404355587613,4,1.0,0,0,0,1
C0250,current,EEE,7,6.421494411575443,0,1.0,0,0,0,1
C0251,current,CSE,3,8.033868657976384,2,1.0,0,0,0,1
C0252,current,CSE,3,5.972035873226281,2,1.0,0,0,0,1
C0253,current,Civil,5,5.26514644613917,1,1.0,0,0,0,1
C0254,current,EEE,6,7.808346802583401,2,1.0,0,0,0,1
C0255,current,CSE,7,9.197019133649004,2,1.0,0,0,0,1
C0256,current,ECE,5,6.73098384498172,0,1.0,0,0,0,1
C0257,current,ME,6,5.523921003350339,0,1.0,0,0,0,1
C0258,current,Civil,8,7.84618110862756,1,1.0,0,0,0,1
C0259,current,ECE,5,5.679994920856298,1,1.0,0,0,0,1
C0260,current,ECE,5,7.129973579105955,1,1.0,0,0,0,1
C0261,current,ME,6,4.442001092183619,1,1.0,0,0,0,1
C0262,current,ME,5,5.25016658178717,1,1.0,0,0,0,1
C0263,current,Civil,8,6.771100771703013,2,1.0,0,0,0,1
C0264,current,ME,8,5.74002399937842,2,1.0,0,0,0,1
C0265,current,CSE,6,6.519130456344783,1,1.0,0,0,0,1
C0266,current,EEE,5,7.094485779037498,3,1.0,0,0,0,1
C0267,current,Civil,6,6.216798777635569,0,1.0,0,0,0,1
C0268,current,Civil,4,6.765969510969613,4,1.0,0,0,0,1
C0269,current,CSE,5,7.568840793469369,0,1.0,0,0,0,1
C0270,current,CSE,4,6.9202783227084375,2,1.0,0,0,0,1
C0271,current,ME,3,5.466847550040711,1,1.0,0,0,0,1
C0272,current,CSE,3,7.695708082894246,1,1.0,0,0,0,1
C0273,current,EEE,6,6.97043615748202,1,1.0,0,0,0,1
C0274,current,ECE,3,6.066612730747716,0,1.0,0,0,0,1
C0275,current,ME,6,6.884262500669736,1,1.0,0,0,0,1
C0276,current,Civil,5,5.386683892975499,0,1.0,0,0,0,1
C0277,current,ECE,5,6.350535833016514,2,1.0,0,0,0,1
C0278,current,CSE,7,7.127265301398185,3,1.0,0,0,0,1
C0279,current,ME,6,8.155617617044918,4,1.0,0,0,0,1
C0280,current,ME,7,8.080363667105816,2,1.0,0,0,0,1
C0281,current,ECE,7,6.756705954196661,1,1.0,0,0,0,1
C0282,current,ME,3,7.922598220276631,3,1.0,0,0,0,1
C0283,current,EEE,4,6.47765692454592,2,1.0,0,0,0,1
C0284,current,ECE,6,7.109039425786987,1,1.0,0,0,0,1
C0285,current,CSE,8,7.065832647831787,1,1.0,0,0,0,1
C0286,current,ECE,3,7.751453550511687,1,1.0,0,0,0,1
C0287,current,ECE,3,8.138340997092751,2,1.0,0,0,0,1
C0288,current,CSE,8,6.145197622365333,2,1.0,0,0,0,1
C0289,current,CSE,8,7.82743811624468,4,1.0,0,0,0,1
C0290,current,ME,4,7.836304246432851,2,1.0,0,0,0,1
C0291,current,CSE,5,8.254389050959048,2,1.0,0,0,0,1
C0292,current,EEE,6,6.797451546267637,3,1.0,0,0,0,1
C0293,current,CSE,4,5.81419345525171,0,1.0,0,0,0,1
C0294,current,CSE,4,8.648381322797778,1,1.0,0,0,0,1
C0295,current,Civil,5,5.891393933413814,2,1.0,0,0,0,1
C0296,current,Civil,6,5.844344347974923,2,1.0,0,0,0,1
C0297,current,CSE,4,6.541925103508123,1,1.0,0,0,0,1
C0298,current,CSE,5,7.211682514731345,1,1.0,0,0,0,1
C0299,current,CSE,4,8.283781747166715,2,1.0,0,0,0,1
C0300,current,ECE,7,6.519480748784133,1,1.0,0,0,0,1
C0301,current,ECE,3,6.168905337732534,0,1.0,0,0,0,1
C0302,current,CSE,4,8.058255770650643,1,1.0,0,0,0,1
C0303,current,CSE,4,6.431952661107568,2,1.0,0,0,0,1
C0304,current,ECE,8,6.170564865954554,2,1.0,0,0,0,1
C0305,current,EEE,8,6.700872788206853,1,1.0,0,0,0,1
C0306,current,ME,6,6.62700876068603,1,1.0,0,0,0,1
C0307,current,ECE,3,7.640791023100238,1,1.0,0,0,0,1
C0308,current,CSE,7,9.306021707938289,0,1.0,0,0,0,1
C0309,current,CSE,5,7.4229074782971,0,1.0,0,0,0,1
C0310,current,CSE,8,7.897418435514517,1,1.0,0,0,0,1
C0311,current,Civil,5,8.08527324157563,2,1.0,0,0,0,1
C0312,current,Civil,8,7.4802273625214655,0,1.0,0,0,0,1
C0313,current,EEE,7,6.887494074978199,1,1.0,0,0,0,1
C0314,current,EEE,4,6.841740413358605,1,1.0,0,0,0,1
C0315,current,EEE,7,6.503777279956206,0,1.0,0,0,0,1
C0316,current,EEE,4,7.524565868434616,1,1.0,0,0,0,1
C0317,current,CSE,5,7.862840639960693,1,1.0,0,0,0,1
C0318,current,CSE,4,7.26424685677413,3,1.0,0,0,0,1
C0319,current,CSE,7,5.237103924778424,2,1.0,0,0,0,1
C0320,current,ME,4,7.02349617077826,1,1.0,0,0,0,1
C0321,current,CSE,6,7.682110581748184,2,1.0,0,0,0,1
C0322,current,Civil,6,7.786927829053529,1,1.0,0,0,0,1
C0323,current,ME,7,5.902060724102746,2,1.0,0,0,0,1
C0324,current,ECE,8,7.160010098755302,1,1.0,0,0,0,1
C0325,current,CSE,3,6.929479036506501,2,1.0,0,0,0,1
C0326,current,CSE,8,7.297908661834502,0,1.0,0,0,0,1
C0327,current,CSE,3,7.18917092213153,0,1.0,0,0,0,1
C0328,current,Civil,6,7.2962039933260385,2,1.0,0,0,0,1
C0329,current,ME,5,5.259233524589597,0,1.0,0,0,0,1
C0330,current,ME,6,6.525992095153446,2,1.0,0,0,0,1
C0331,current,CSE,7,7.209853417528908,2,1.0,0,0,0,1
C0332,current,ECE,8,6.899528657609705,2,1.0,0,0,0,1
C0333,current,ECE,5,5.756727748527539,2,1.0,0,0,0,1
C0334,current,Civil,8,7.038070623966857,1,1.0,0,0,0,1
C0335,current,Civil,4,6.254766578358026,1,1.0,0,0,0,1
C0336,current,CSE,4,6.251807326003625,1,1.0,0,0,0,1
C0337,current,EEE,5,6.07894080523828,3,1.0,0,0,0,1
C0338,current,CSE,6,7.336803703014452,0,1.0,0,0,0,1
C0339,current,Civil,7,6.8411490621351,1,1.0,0,0,0,1
C0340,current,CSE,7,5.733066662203619,0,1.0,0,0,0,1
C0341,current,CSE,4,5.644987518727508,2,1.0,0,0,0,1
C0342,current,Civil,4,7.354964833477021,0,1.0,0,0,0,1
C0343,current,CSE,8,6.388322405424074,2,1.0,0,0,0,1
C0344,current,ECE,5,6.913755533810356,2,1.0,0,0,0,1
C0345,current,ECE,4,6.300110182766884,1,1.0,0,0,0,1
C0346,current,CSE,8,8.23945104755739,0,1.0,0,0,0,1
C0347,current,ME,5,7.2433708120754225,2,1.0,0,0,0,1
C0348,current,Civil,8,7.31977138273041,1,1.0,0,0,0,1
C0349,current,Civil,8,6.296232921811481,1,1.0,0,0,0,1
C0350,current,CSE,8,7.016830628282296,0,1.0,0,0,0,1
C0351,current,ECE,6,7.7907539912791215,2,1.0,0,0,0,1
C0352,current,CSE,7,5.934861499505211,1,1.0,0,0,0,1
C0353,current,CSE,8,7.7089389715440495,1,1.0,0,0,0,1
C0354,current,CSE,4,8.357164447690439,1,1.0,0,0,0,1
C0355,current,EEE,3,5.697771851163486,1,1.0,0,0,0,1
C0356,current,Civil,4,6.52568075487757,1,1.0,0,0,0,1
C0357,current,Civil,6,6.968245948460234,1,1.0,0,0,0,1
C0358,current,ECE,6,7.185466777373897,1,1.0,0,0,0,1
C0359,current,ECE,3,4.639929740769507,1,1.0,0,0,0,1
C0360,current,ECE,6,7.037799547011755,1,1.0,0,0,0,1
C0361,current,ECE,4,6.379133466963979,2,1.0,0,0,0,1
C0362,current,ECE,6,7.540959850957881,3,1.0,0,0,0,1
C0363,current,CSE,6,7.831957357636517,1,1.0,0,0,0,1
C0364,current,CSE,6,7.829233454300697,3,1.0,0,0,0,1
C0365,current,EEE,5,7.069776297606193,1,1.0,0,0,0,1
C0366,current,ECE,5,6.727241074677584,0,1.0,0,0,0,1
C0367,current,EEE,7,5.780006143923701,2,1.0,0,0,0,1
C0368,current,CSE,7,6.66172609137857,1,1.0,0,0,0,1
C0369,current,ME,7,6.966682022148725,1,1.0,0,0,0,1
C0370,current,CSE,5,5.941515915295624,2,1.0,0,0,0,1
C0371,current,CSE,5,8.872336086056887,2,1.0,0,0,0,1
C0372,current,CSE,4,5.798518501325497,1,1.0,0,0,0,1
C0373,current,CSE,6,6.104768425646904,2,1.0,0,0,0,1
C0374,current,EEE,3,6.497737656480103,3,1.0,0,0,0,1
C0375,current,CSE,5,6.690700875064069,0,1.0,0,0,0,1
C0376,current,ME,4,5.768637271451357,1,1.0,0,0,0,1
C0377,current,ECE,6,6.705528947424804,1,1.0,0,0,0,1
C0378,current,ECE,8,6.661542309522316,2,1.0,0,0,0,1
C0379,current,ECE,8,7.3903706920707,1,1.0,0,0,0,1
C0380,current,CSE,5,6.19900836288622,3,1.0,0,0,0,1
C0381,current,EEE,3,6.316797479969159,1,1.0,0,0,0,1
C0382,current,Civil,4,6.392522515963002,1,1.0,0,0,0,1
C0383,current,ME,3,5.470799077851088,3,1.0,0,0,0,1
C0384,current,ECE,7,5.602333095620264,0,1.0,0,0,0,1
C0385,current,CSE,8,6.370082252910719,1,1.0,0,0,0,1
C0386,current,EEE,6,7.182836449922465,1,1.0,0,0,0,1
C0387,current,CSE,4,5.85413157403144,1,1.0,0,0,0,1
C0388,current,CSE,3,7.786327768031966,0,1.0,0,0,0,1
C0389,current,CSE,8,7.781584575749045,0,1.0,0,0,0,1
C0390,current,Civil,4,6.236289844010765,3,1.0,0,0,0,1
C0391,current,ME,3,7.970176443385136,5,1.0,0,0,0,1
C0392,current,Civil,4,5.559259267924306,2,1.0,0,0,0,1
C0393,current,Civil,4,6.511337343117673,1,1.0,0,0,0,1
C0394,current,CSE,6,7.730487944335419,0,1.0,0,0,0,1
C0395,current,EEE,8,8.46088900885005,1,1.0,0,0,0,1
C0396,current,ECE,4,6.821185427500648,0,1.0,0,0,0,1
C0397,current,ME,7,6.553755493850284,3,1.0,0,0,0,1
C0398,current,CSE,3,7.375434407193205,0,1.0,0,0,0,1
C0399,current,EEE,3,6.779044885049604,2,1.0,0,0,0,1
C0400,current,CSE,3,8.050220856028725,0,1.0,0,0,0,1
C0401,current,CSE,8,6.812220448595001,1,1.0,0,0,0,1
C0402,current,ECE,6,8.296695753616767,1,1.0,0,0,0,1
C0403,current,CSE,7,6.7078066543819626,3,1.0,0,0,0,1
C0404,current,CSE,3,7.613171865276763,1,1.0,0,0,0,1
C0405,current,ME,3,8.375409870046475,1,1.0,0,0,0,1
C0406,current,ECE,8,5.676563232640112,3,1.0,0,0,0,1
C0407,current,EEE,3,7.271016662855043,2,1.0,0,0,0,1
C0408,current,CSE,3,7.362165311969932,0,1.0,0,0,0,1
C0409,current,ME,6,7.075007981300263,0,1.0,0,0,0,1
C0410,current,ECE,6,6.5081936298226255,1,1.0,0,0,0,1
C0411,current,ME,4,6.395747740412076,0,1.0,0,0,0,1
C0412,current,ME,5,5.806532047409242,2,1.0,0,0,0,1
C0413,current,ECE,7,7.120397172769702,1,1.0,0,0,0,1
C0414,current,EEE,5,6.687660143288773,0,1.0,0,0,0,1
C0415,current,CSE,5,7.848501653327169,1,1.0,0,0,0,1
C0416,current,CSE,3,7.502662842591906,2,1.0,0,0,0,1
C0417,current,ME,5,7.022619724766248,1,1.0,0,0,0,1
C0418,current,Civil,7,6.818484828013872,1,1.0,0,0,0,1
C0419,current,CSE,6,6.746905807828631,2,1.0,0,0,0,1
C0420,current,ECE,8,8.702947846401637,1,1.0,0,0,0,1
C0421,current,Civil,3,5.651071843237742,2,1.0,0,0,0,1
C0422,current,ME,3,6.956517771098592,4,1.0,0,0,0,1
C0423,current,EEE,6,7.613911807165232,4,1.0,0,0,0,1
C0424,current,ECE,4,7.660994015622248,2,1.0,0,0,0,1
C0425,current,ME,6,5.784650120143186,1,1.0,0,0,0,1
C0426,current,CSE,8,6.564107186636582,4,1.0,0,0,0,1
C0427,current,EEE,5,6.1363578153395775,2,1.0,0,0,0,1
C0428,current,ECE,6,5.8260141415392805,0,1.0,0,0,0,1
C0429,current,ME,7,6.032156928982152,0,1.0,0,0,0,1
C0430,current,ECE,3,7.419584053006736,3,1.0,0,0,0,1
C0431,current,ME,8,7.241876920307708,2,1.0,0,0,0,1
C0432,current,ME,4,8.586554425568874,2,1.0,0,0,0,1
C0433,current,ECE,7,5.664452196223467,2,1.0,0,0,0,1
C0434,current,EEE,6,5.758240226855559,3,1.0,0,0,0,1
C0435,current,ECE,3,6.757861960757195,2,1.0,0,0,0,1
C0436,current,ME,7,6.297853546821509,3,1.0,0,0,0,1
C0437,current,CSE,4,7.683200516340293,1,1.0,0,0,0,1
C0438,current,ECE,6,7.351765832856748,2,1.0,0,0,0,1
C0439,current,ECE,8,6.731635587775509,2,1.0,0,0,0,1
C0440,current,CSE,8,6.490748897663774,0,1.0,0,0,0,1
C0441,current,CSE,8,6.144801689831414,2,1.0,0,0,0,1
C0442,current,ME,5,6.031603061231438,3,1.0,0,0,0,1
C0443,current,ME,6,7.596580571713575,3,1.0,0,0,0,1
C0444,current,ME,4,6.799346628652624,0,1.0,0,0,0,1
C0445,current,CSE,8,8.554207264818611,1,1.0,0,0,0,1
C0446,current,CSE,5,6.109383899709661,3,1.0,0,0,0,1
C0447,current,CSE,7,9.216965256845988,0,1.0,0,0,0,1
C0448,current,Civil,5,7.6700014417292195,0,1.0,0,0,0,1
C0449,current,Civil,7,7.325496729925529,1,1.0,0,0,0,1
C0450,current,CSE,4,7.250598525710514,3,1.0,0,0,0,1
C0451,current,ME,7,6.782246229769343,0,1.0,0,0,0,1
C0452,current,CSE,3,6.099370493598332,0,1.0,0,0,0,1
C0453,current,CSE,3,7.452253297389461,0,1.0,0,0,0,1
C0454,current,CSE,5,7.040812544869658,1,1.0,0,0,0,1
C0455,current,CSE,5,6.235577362081475,5,1.0,0,0,0,1
C0456,current,ME,7,6.99613249994042,0,1.0,0,0,0,1
C0457,current,EEE,5,6.11399708158804,2,1.0,0,0,0,1
C0458,current,CSE,3,5.579485959463789,1,1.0,0,0,0,1
C0459,current,ECE,4,5.718148172670913,3,1.0,0,0,0,1
C0460,current,ME,5,5.30043571130518,2,1.0,0,0,0,1
C0461,current,EEE,6,6.409992946283047,3,1.0,0,0,0,1
C0462,current,ME,6,7.624356517923728,3,1.0,0,0,0,1
C0463,current,CSE,4,8.566087097468161,1,1.0,0,0,0,1
C0464,current,ME,6,6.748866522861718,0,1.0,0,0,0,1
C0465,current,CSE,6,6.653583789165068,1,1.0,0,0,0,1
C0466,current,EEE,7,5.545240003069168,2,1.0,0,0,0,1
C0467,current,ECE,6,6.667309447007008,1,1.0,0,0,0,1
C0468,current,ME,7,7.466126137123901,0,1.0,0,0,0,1
C0469,current,CSE,4,8.02274123349018,0,1.0,0,0,0,1
C0470,current,ECE,7,6.437663801502583,0,1.0,0,0,0,1
C0471,current,Civil,3,7.811766357296533,3,1.0,0,0,0,1
C0472,current,ME,3,6.005585717666791,4,1.0,0,0,0,1
C0473,current,ECE,8,6.519120905947609,1,1.0,0,0,0,1
C0474,current,EEE,5,7.1314440640055485,0,1.0,0,0,0,1
C0475,current,Civil,6,6.477375603346791,0,1.0,0,0,0,1
C0476,current,CSE,6,5.652974582540671,1,1.0,0,0,0,1
C0477,current,ECE,7,7.1085857710559095,3,1.0,0,0,0,1
C0478,current,ECE,4,6.540834829638737,2,1.0,0,0,0,1
C0479,current,ME,4,7.730834078653107,2,1.0,0,0,0,1
C0480,current,CSE,3,6.125258471524515,1,1.0,0,0,0,1
C0481,current,CSE,8,7.405810908562777,3,1.0,0,0,0,1
C0482,current,EEE,4,6.893314680364251,0,1.0,0,0,0,1
C0483,current,EEE,6,6.788294436186139,2,1.0,0,0,0,1
C0484,current,Civil,5,5.228579569041316,3,1.0,0,0,0,1
C0485,current,EEE,3,4.9764198014274985,1,1.0,0,0,0,1
C0486,current,ME,5,6.95903522865608,2,1.0,0,0,0,1
C0487,current,Civil,3,6.123738957794825,2,1.0,0,0,0,1
C0488,current,Civil,4,8.012479848225995,1,1.0,0,0,0,1
C0489,current,ECE,3,5.941167361575937,2,1.0,0,0,0,1
C0490,current,ECE,7,5.881969800326948,3,1.0,0,0,0,1
C0491,current,CSE,6,7.9101948621174465,2,1.0,0,0,0,1
C0492,current,ME,8,6.920132135461201,4,1.0,0,0,0,1
C0493,current,CSE,5,6.489331491321924,3,1.0,0,0,0,1
C0494,current,CSE,4,6.62844519463134,3,1.0,0,0,0,1
C0495,current,ME,6,6.8823225114382085,2,1.0,0,0,0,1
C0496,current,ECE,8,6.193125061389286,0,1.0,0,0,0,1
C0497,current,CSE,6,7.994323369817821,2,1.0,0,0,0,1
C0498,current,Civil,3,7.911524687933155,2,1.0,0,0,0,1
C0499,current,Civil,4,6.221086445776711,3,1.0,0,0,0,1
C0500,current,CSE,8,6.650030277912176,1,1.0,0,0,0,1
C0501,current,CSE,6,8.373124697441224,0,1.0,0,0,0,1
C0502,current,CSE,8,8.001586219984718,2,1.0,0,0,0,1
C0503,current,Civil,6,6.148879452010642,1,1.0,0,0,0,1
C0504,current,Civil,3,6.04663500166385,2,1.0,0,0,0,1
C0505,current,CSE,8,5.962272653197832,2,1.0,0,0,0,1
C0506,current,Civil,7,9.137903356355618,1,1.0,0,0,0,1
C0507,current,CSE,7,8.361195580959265,0,1.0,0,0,0,1
C0508,current,ECE,8,6.514973158614933,1,1.0,0,0,0,1
C0509,current,EEE,4,6.696045688507783,0,1.0,0,0,0,1
C0510,current,CSE,8,7.505501896426022,3,1.0,0,0,0,1
C0511,current,CSE,4,7.014412514843322,0,1.0,0,0,0,1
C0512,current,ECE,8,4.641244043169442,2,1.0,0,0,0,1
C0513,current,ME,4,6.545196230872949,0,1.0,0,0,0,1
C0514,current,EEE,6,6.549992703565943,1,1.0,0,0,0,1
C0515,current,EEE,7,6.672420314429569,0,1.0,0,0,0,1
C0516,current,CSE,3,6.8675267287342665,1,1.0,0,0,0,1
C0517,current,CSE,3,7.1647433278358745,0,1.0,0,0,0,1
C0518,current,Civil,8,6.751947412584007,1,1.0,0,0,0,1
C0519,current,CSE,3,7.019205061633263,0,1.0,0,0,0,1
C0520,current,Civil,6,5.281382875895632,2,1.0,0,0,0,1
C0521,current,ME,8,7.014514801538122,1,1.0,0,0,0,1
C0522,current,CSE,6,7.339942796180385,1,1.0,0,0,0,1
C0523,current,Civil,5,7.734781495217475,0,1.0,0,0,0,1
C0524,current,CSE,5,8.340923941134522,0,1.0,0,0,0,1
C0525,current,ECE,6,5.278867133507115,2,1.0,0,0,0,1
C0526,current,ME,6,5.44250515084642,1,1.0,0,0,0,1
C0527,current,ECE,6,7.518874249945712,1,1.0,0,0,0,1
C0528,current,ME,3,5.617110029035112,3,1.0,0,0,0,1
C0529,current,ME,6,7.7316534958334096,0,1.0,0,0,0,1
C0530,current,EEE,7,5.296180874242957,1,1.0,0,0,0,1
C0531,current,EEE,7,7.486284986403789,2,1.0,0,0,0,1
C0532,current,ECE,3,6.484055475208343,1,1.0,0,0,0,1
C0533,current,CSE,7,6.845920190506043,2,1.0,0,0,0,1
C0534,current,ME,7,7.157434188669268,4,1.0,0,0,0,1
C0535,current,EEE,4,6.243247803758158,1,1.0,0,0,0,1
C0536,current,CSE,8,7.479690258929865,3,1.0,0,0,0,1
C0537,current,ECE,6,6.880194689796354,0,1.0,0,0,0,1
C0538,current,ECE,5,6.809186684611541,1,1.0,0,0,0,1
C0539,current,CSE,7,7.583589857849289,0,1.0,0,0,0,1
C0540,current,ME,6,5.906133607239297,0,1.0,0,0,0,1
C0541,current,ECE,6,5.266695624512515,2,1.0,0,0,0,1
C0542,current,Civil,4,6.221973611488324,2,1.0,0,0,0,1
C0543,current,Civil,8,6.734027952276196,2,1.0,0,0,0,1
C0544,current,Civil,8,5.703104894797079,1,1.0,0,0,0,1
C0545,current,ECE,3,7.596962019048616,1,1.0,0,0,0,1
C0546,current,CSE,7,7.320637177801529,3,1.0,0,0,0,1
C0547,current,ME,3,6.721183676683704,0,1.0,0,0,0,1
C0548,current,Civil,5,6.335086518159642,3,1.0,0,0,0,1
C0549,current,ECE,8,7.215900390019067,1,1.0,0,0,0,1
C0550,current,Civil,4,7.2891051896368735,1,1.0,0,0,0,1
C0551,current,CSE,5,7.557850310347348,3,1.0,0,0,0,1
C0552,current,Civil,4,7.720295741562691,0,1.0,0,0,0,1
C0553,current,CSE,7,8.539476274693202,2,1.0,0,0,0,1
C0554,current,CSE,5,8.113187980410661,2,1.0,0,0,0,1
C0555,current,ECE,6,7.385608080934753,1,1.0,0,0,0,1
C0556,current,CSE,8,7.012011375746262,2,1.0,0,0,0,1
C0557,current,CSE,6,5.911257451893144,3,1.0,0,0,0,1
C0558,current,CSE,7,7.601671276478013,5,1.0,0,0,0,1
C0559,current,ECE,3,7.061575646967243,1,1.0,0,0,0,1
C0560,current,Civil,4,6.385848475340375,0,1.0,0,0,0,1
C0561,current,CSE,8,7.406256709535936,3,1.0,0,0,0,1
C0562,current,ME,8,5.470218175592255,2,1.0,0,0,0,1
C0563,current,Civil,6,7.509638115068372,1,1.0,0,0,0,1
C0564,current,CSE,5,7.26060971407489,1,1.0,0,0,0,1
C0565,current,CSE,4,8.798591739189455,2,1.0,0,0,0,1
C0566,current,Civil,8,6.892918626536583,1,1.0,0,0,0,1
C0567,current,Civil,7,5.727413214031092,1,1.0,0,0,0,1
C0568,current,ECE,4,6.415145470219129,1,1.0,0,0,0,1
C0569,current,Civil,6,5.973373943181139,1,1.0,0,0,0,1
C0570,current,CSE,6,7.75146503606036,2,1.0,0,0,0,1
C0571,current,ECE,5,6.902676037012272,0,1.0,0,0,0,1
C0572,current,ME,8,6.589737167686008,1,1.0,0,0,0,1
C0573,current,CSE,3,6.621364454995151,0,1.0,0,0,0,1
C0574,current,Civil,4,7.935052514017133,2,1.0,0,0,0,1
C0575,current,ECE,3,6.581491633773501,2,1.0,0,0,0,1
C0576,current,Civil,7,6.320993297638342,5,1.0,0,0,0,1
C0577,current,ECE,6,6.291652527252328,1,1.0,0,0,0,1
C0578,current,ECE,8,6.896934901886403,0,1.0,0,0,0,1
C0579,current,CSE,6,7.127296734947083,2,1.0,0,0,0,1
C0580,current,CSE,3,7.10998127549769,1,1.0,0,0,0,1
C0581,current,Civil,5,5.993024490854083,1,1.0,0,0,0,1
C0582,current,CSE,3,6.1692587869135735,2,1.0,0,0,0,1
C0583,current,CSE,7,7.736271457057841,3,1.0,0,0,0,1
C0584,current,CSE,7,7.083729401602187,1,1.0,0,0,0,1
C0585,current,CSE,8,7.696586157598791,0,1.0,0,0,0,1
C0586,current,Civil,5,7.358353393645345,0,1.0,0,0,0,1
C0587,current,ECE,4,5.562608186325133,0,1.0,0,0,0,1
C0588,current,EEE,3,7.30154469634467,0,1.0,0,0,0,1
C0589,current,CSE,5,6.729063131875764,1,1.0,0,0,0,1
C0590,current,ME,5,9.36066533319542,1,1.0,0,0,0,1
C0591,current,ECE,7,6.01980689937741,2,1.0,0,0,0,1
C0592,current,ECE,7,6.641904311973195,0,1.0,0,0,0,1
C0593,current,Civil,3,6.233773244860576,1,1.0,0,0,0,1
C0594,current,EEE,4,5.970950060378759,2,1.0,0,0,0,1
C0595,current,Civil,6,9.230919768080929,1,1.0,0,0,0,1
C0596,current,CSE,5,6.698337540158793,1,1.0,0,0,0,1
C0597,current,CSE,3,5.568016813056415,0,1.0,0,0,0,1
C0598,current,ME,8,6.172756226234325,2,1.0,0,0,0,1
C0599,current,CSE,7,6.360224768575407,3,1.0,0,0,0,1
C0600,current,ME,6,6.248945006325135,2,1.0,0,0,0,1
C0601,current,ME,4,5.5524758966139975,1,1.0,0,0,0,1
C0602,current,ME,8,7.030263834362986,2,1.0,0,0,0,1
C0603,current,Civil,3,7.254057654498895,5,1.0,0,0,0,1
C0604,current,ME,5,7.127699156244905,2,1.0,0,0,0,1
C0605,current,CSE,7,9.216727893476827,3,1.0,0,0,0,1
C0606,current,CSE,8,6.024209545107192,1,1.0,0,0,0,1
C0607,current,ME,4,5.264335013468703,2,1.0,0,0,0,1
C0608,current,ECE,6,6.631573380567924,2,1.0,0,0,0,1
C0609,current,CSE,4,7.0687353526277645,2,1.0,0,0,0,1
C0610,current,ECE,3,6.905308497962353,1,1.0,0,0,0,1
C0611,current,Civil,5,7.724443174038154,3,1.0,0,0,0,1
C0612,current,Civil,8,7.055114958116272,2,1.0,0,0,0,1
C0613,current,ME,7,5.888754689720732,1,1.0,0,0,0,1
C0614,current,ECE,5,5.22162995360549,0,1.0,0,0,0,1
C0615,current,CSE,4,6.872693330149104,0,1.0,0,0,0,1
C0616,current,ECE,3,4.137361008827584,3,1.0,0,0,0,1
C0617,current,CSE,4,7.8906861565820625,0,1.0,0,0,0,1
C0618,current,ME,3,5.144818150851737,1,1.0,0,0,0,1
C0619,current,ME,4,6.572191581511503,0,1.0,0,0,0,1
C0620,current,CSE,7,7.429796786076304,1,1.0,0,0,0,1
C0621,current,CSE,3,7.209961898052228,0,1.0,0,0,0,1
C0622,current,CSE,3,7.6602842646871485,2,1.0,0,0,0,1
C0623,current,Civil,6,5.553594084219045,2,1.0,0,0,0,1
C0624,current,ME,4,5.804618385971658,1,1.0,0,0,0,1
C0625,current,CSE,5,7.68283442573291,1,1.0,0,0,0,1
C0626,current,Civil,3,6.085500609438532,1,1.0,0,0,0,1
C0627,current,ECE,4,7.238179551019292,1,1.0,0,0,0,1
C0628,current,ECE,5,5.713057123043826,1,1.0,0,0,0,1
C0629,current,EEE,7,6.380469025859297,0,1.0,0,0,0,1
C0630,current,CSE,5,7.791800887724011,0,1.0,0,0,0,1
C0631,current,CSE,6,6.990841904762895,2,1.0,0,0,0,1
C0632,current,ME,6,6.937687645574312,3,1.0,0,0,0,1
C0633,current,CSE,4,6.794191288760163,1,1.0,0,0,0,1
C0634,current,ME,4,7.055538336370855,1,1.0,0,0,0,1
C0635,current,CSE,5,7.761320196595305,0,1.0,0,0,0,1
C0636,current,CSE,3,6.809113777060553,0,1.0,0,0,0,1
C0637,current,CSE,7,7.926765685088103,2,1.0,0,0,0,1
C0638,current,ECE,6,6.108626081318179,1,1.0,0,0,0,1
C0639,current,CSE,4,7.576109616519982,1,1.0,0,0,0,1
C0640,current,CSE,5,7.312383200136201,1,1.0,0,0,0,1
C0641,current,Civil,4,6.6457500909668346,1,1.0,0,0,0,1
C0642,current,CSE,6,6.049950940954053,1,1.0,0,0,0,1
C0643,current,ECE,7,6.910273339287653,4,1.0,0,0,0,1
C0644,current,CSE,3,7.694030549337817,1,1.0,0,0,0,1
C0645,current,ECE,5,7.385555280156005,0,1.0,0,0,0,1
C0646,current,CSE,3,6.35838969452445,0,1.0,0,0,0,1
C0647,current,ME,5,4.738091897097613,2,1.0,0,0,0,1
C0648,current,CSE,4,7.446999200725651,3,1.0,0,0,0,1
C0649,current,Civil,5,6.691694752197817,4,1.0,0,0,0,1
C0650,current,EEE,5,7.520583818346287,2,1.0,0,0,0,1
C0651,current,CSE,4,6.659116207942505,2,1.0,0,0,0,1
C0652,current,CSE,5,5.711452693520117,0,1.0,0,0,0,1
C0653,current,CSE,7,6.498234631777815,1,1.0,0,0,0,1
C0654,current,ME,7,7.381218850568776,1,1.0,0,0,0,1
C0655,current,CSE,3,7.160540451034359,1,1.0,0,0,0,1
C0656,current,Civil,5,7.871379972325394,3,1.0,0,0,0,1
C0657,current,Civil,8,5.225370186541604,1,1.0,0,0,0,1
C0658,current,Civil,6,7.208061782118482,3,1.0,0,0,0,1
C0659,current,ECE,4,5.612265913384109,1,1.0,0,0,0,1
C0660,current,EEE,6,7.318188295638511,0,1.0,0,0,0,1
C0661,current,CSE,3,8.120743846635877,1,1.0,0,0,0,1
C0662,current,ECE,3,6.0792660916843495,1,1.0,0,0,0,1
C0663,current,CSE,6,8.094211288545539,1,1.0,0,0,0,1
C0664,current,EEE,6,7.6754904735348575,2,1.0,0,0,0,1
C0665,current,ME,7,6.981026811238871,3,1.0,0,0,0,1
C0666,current,Civil,5,7.105130722666258,2,1.0,0,0,0,1
C0667,current,CSE,8,6.938613211295939,3,1.0,0,0,0,1
C0668,current,EEE,5,6.838841445031084,0,1.0,0,0,0,1
C0669,current,ECE,7,6.397116690566955,2,1.0,0,0,0,1
C0670,current,ECE,3,4.718699538662201,0,1.0,0,0,0,1
C0671,current,EEE,3,6.364643296384732,1,1.0,0,0,0,1
C0672,current,ECE,7,6.887901444723772,2,1.0,0,0,0,1
C0673,current,ECE,8,5.038652214564538,2,1.0,0,0,0,1
C0674,current,ME,8,6.827073716159196,0,1.0,0,0,0,1
C0675,current,CSE,4,7.227456955691555,1,1.0,0,0,0,1
C0676,current,CSE,3,7.623158148907702,2,1.0,0,0,0,1
C0677,current,CSE,8,7.0265996259657015,1,1.0,0,0,0,1
C0678,current,CSE,6,7.951812612252385,1,1.0,0,0,0,1
C0679,current,Civil,4,4.963010510363693,2,1.0,0,0,0,1
C0680,current,ME,7,7.296631975892046,2,1.0,0,0,0,1
C0681,current,ECE,8,6.446441076400561,1,1.0,0,0,0,1
C0682,current,ECE,4,6.3925620980352615,0,1.0,0,0,0,1
C0683,current,ECE,7,6.154676196080773,0,1.0,0,0,0,1
C0684,current,ME,7,7.030505684363257,1,1.0,0,0,0,1
C0685,current,EEE,6,7.778473920781339,2,1.0,0,0,0,1
C0686,current,EEE,6,5.788673956265658,3,1.0,0,0,0,1
C0687,current,ECE,4,5.687513014914421,0,1.0,0,0,0,1
C0688,current,CSE,8,7.529635408391993,1,1.0,0,0,0,1
C0689,current,ECE,8,7.327636910298239,2,1.0,0,0,0,1
C0690,current,ME,8,7.512265873347753,2,1.0,0,0,0,1
C0691,current,ECE,7,7.137498765026103,1,1.0,0,0,0,1
C0692,current,ME,3,6.759136278467969,2,1.0,0,0,0,1
C0693,current,ME,5,6.942345528176882,0,1.0,0,0,0,1
C0694,current,CSE,5,6.852960605835355,0,1.0,0,0,0,1
C0695,current,CSE,8,6.465119870135355,0,1.0,0,0,0,1
C0696,current,ECE,6,6.294633880395874,3,1.0,0,0,0,1
C0697,current,CSE,6,6.009250128188284,0,1.0,0,0,0,1
C0698,current,CSE,3,6.545913563816158,2,1.0,0,0,0,1
C0699,current,ME,7,5.988512594935405,1,1.0,0,0,0,1
C0700,current,ECE,5,8.284331034821252,4,1.0,0,0,0,1
C0701,current,CSE,3,8.161779634882965,1,1.0,0,0,0,1
C0702,current,ME,8,6.270289759501642,3,1.0,0,0,0,1
C0703,current,Civil,4,7.795052157599776,0,1.0,0,0,0,1
C0704,current,CSE,3,7.828772366384248,1,1.0,0,0,0,1
C0705,current,Civil,3,5.994553883594996,3,1.0,0,0,0,1
C0706,current,EEE,5,7.99930387627268,3,1.0,0,0,0,1
C0707,current,ME,3,8.2524386041394,1,1.0,0,0,0,1
C0708,current,ME,8,7.199129927055164,2,1.0,0,0,0,1
C0709,current,CSE,6,7.390895186283372,1,1.0,0,0,0,1
C0710,current,EEE,4,6.8392824041584,0,1.0,0,0,0,1
C0711,current,ECE,3,7.010979337514491,3,1.0,0,0,0,1
C0712,current,EEE,5,8.40816387345587,1,1.0,0,0,0,1
C0713,current,ME,3,7.3698140067870685,4,1.0,0,0,0,1
C0714,current,CSE,8,8.03900485288106,3,1.0,0,0,0,1
C0715,current,CSE,4,7.945592889797929,4,1.0,0,0,0,1
C0716,current,ME,5,5.8492850075472616,3,1.0,0,0,0,1
C0717,current,ME,3,7.005029389596306,2,1.0,0,0,0,1
C0718,current,CSE,3,6.359564932418659,2,1.0,0,0,0,1
C0719,current,ME,4,5.958597905337062,3,1.0,0,0,0,1
C0720,current,Civil,3,6.042407663691965,4,1.0,0,0,0,1
C0721,current,ECE,7,5.224176150821799,2,1.0,0,0,0,1
C0722,current,ECE,8,6.936120887542744,4,1.0,0,0,0,1
C0723,current,CSE,8,8.182221697902694,1,1.0,0,0,0,1
C0724,current,Civil,4,6.221645368451622,3,1.0,0,0,0,1
C0725,current,CSE,7,7.0899118230949565,1,1.0,0,0,0,1
C0726,current,Civil,6,5.35790069145368,0,1.0,0,0,0,1
C0727,current,ECE,3,7.204006611795642,3,1.0,0,0,0,1
C0728,current,ME,3,7.021404607320521,0,1.0,0,0,0,1
C0729,current,CSE,6,7.424915992642573,2,1.0,0,0,0,1
C0730,current,CSE,5,7.950691916106189,1,1.0,0,0,0,1
C0731,current,Civil,3,6.089178999065073,0,1.0,0,0,0,1
C0732,current,ECE,8,5.278548420055035,2,1.0,0,0,0,1
C0733,current,ECE,7,7.033951102517764,1,1.0,0,0,0,1
C0734,current,EEE,6,6.04153747457828,0,1.0,0,0,0,1
C0735,current,EEE,8,7.147511404171536,0,1.0,0,0,0,1
C0736,current,Civil,8,7.209852841001195,0,1.0,0,0,0,1
C0737,current,CSE,8,6.521532226759587,2,1.0,0,0,0,1
C0738,current,ME,4,7.8288153183428,1,1.0,0,0,0,1
C0739,current,Civil,8,7.5703177488591535,1,1.0,0,0,0,1
C0740,current,ECE,6,7.031749522139903,1,1.0,0,0,0,1
C0741,current,CSE,7,9.970997647002584,4,1.0,0,0,0,1
C0742,current,Civil,8,7.012931083141883,4,1.0,0,0,0,1
C0743,current,ECE,3,8.373512441340573,2,1.0,0,0,0,1
C0744,current,ME,5,5.376227250945703,2,1.0,0,0,0,1
C0745,current,EEE,3,5.268636426956568,0,1.0,0,0,0,1
C0746,current,ME,4,5.021820083872742,4,1.0,0,0,0,1
C0747,current,ECE,5,7.688703812223859,2,1.0,0,0,0,1
C0748,current,ECE,8,6.3633844010156535,3,1.0,0,0,0,1
C0749,current,ECE,8,7.019997402400207,3,1.0,0,0,0,1
C0750,current,CSE,5,6.360437044810191,1,1.0,0,0,0,1
C0751,current,Civil,4,6.713684636635262,6,1.0,0,0,0,1
C0752,current,Civil,6,6.239176637991071,1,1.0,0,0,0,1
C0753,current,CSE,8,7.230861909461652,3,1.0,0,0,0,1
C0754,current,CSE,8,7.210057991370053,2,1.0,0,0,0,1
C0755,current,Civil,4,6.218728938490431,0,1.0,0,0,0,1
C0756,current,CSE,4,7.606277206824997,2,1.0,0,0,0,1
C0757,current,ECE,7,5.878090111015912,1,1.0,0,0,0,1
C0758,current,ECE,4,7.595744385128195,2,1.0,0,0,0,1
C0759,current,ME,4,7.550697511375881,1,1.0,0,0,0,1
C0760,current,CSE,3,7.355808889265384,1,1.0,0,0,0,1
C0761,current,ME,5,7.637557955446038,2,1.0,0,0,0,1
C0762,current,ECE,5,4.104042863636761,0,1.0,0,0,0,1
C0763,current,ME,6,6.465173583426937,3,1.0,0,0,0,1
C0764,current,CSE,4,7.383707295309222,3,1.0,0,0,0,1
C0765,current,ECE,7,6.361323090438369,1,1.0,0,0,0,1
C0766,current,ECE,7,7.482508138537135,1,1.0,0,0,0,1
C0767,current,CSE,5,7.025552367557514,2,1.0,0,0,0,1
C0768,current,CSE,4,7.810676894350819,1,1.0,0,0,0,1
C0769,current,CSE,6,5.701206280277031,2,1.0,0,0,0,1
C0770,current,CSE,7,7.786702089264396,2,1.0,0,0,0,1
C0771,current,CSE,5,6.889475782357827,1,1.0,0,0,0,1
C0772,current,EEE,4,7.622583326520712,1,1.0,0,0,0,1
C0773,current,ECE,6,5.862203820236071,4,1.0,0,0,0,1
C0774,current,Civil,5,5.424932680209393,1,1.0,0,0,0,1
C0775,current,EEE,5,7.790661501513053,2,1.0,0,0,0,1
C0776,current,CSE,5,6.829324678533919,1,1.0,0,0,0,1
C0777,current,ME,4,7.543680137763468,2,1.0,0,0,0,1
C0778,current,Civil,7,6.262880875437777,3,1.0,0,0,0,1
C0779,current,ME,5,6.526760971682769,2,1.0,0,0,0,1
C0780,current,ECE,5,8.8288897643169,0,1.0,0,0,0,1
C0781,current,ECE,6,6.937980518690583,2,1.0,0,0,0,1
C0782,current,CSE,5,7.31036462357434,2,1.0,0,0,0,1
C0783,current,ECE,3,8.173783562907234,3,1.0,0,0,0,1
C0784,current,EEE,8,6.025513626578816,2,1.0,0,0,0,1
C0785,current,EEE,3,6.836814225305063,2,1.0,0,0,0,1
C0786,current,CSE,6,7.3526533369168305,2,1.0,0,0,0,1
C0787,current,ME,4,6.719639786038694,0,1.0,0,0,0,1
C0788,current,CSE,4,6.096144119835151,3,1.0,0,0,0,1
C0789,current,EEE,3,7.087568811895634,2,1.0,0,0,0,1
C0790,current,CSE,8,6.969019997520242,1,1.0,0,0,0,1
C0791,current,EEE,5,7.069933297416261,2,1.0,0,0,0,1
C0792,current,Civil,5,5.510310252736489,0,1.0,0,0,0,1
C0793,current,CSE,7,7.525519592611654,0,1.0,0,0,0,1
C0794,current,CSE,3,8.18707297923121,1,1.0,0,0,0,1
C0795,current,Civil,6,6.245011944396778,0,1.0,0,0,0,1
C0796,current,CSE,5,7.934347729174544,1,1.0,0,0,0,1
C0797,current,ECE,6,6.908537745482044,3,1.0,0,0,0,1
C0798,current,EEE,3,6.873520952757205,0,1.0,0,0,0,1
C0799,current,ME,8,7.465616424998225,3,1.0,0,0,0,1
C0800,current,ECE,4,6.432249698188428,0,1.0,0,0,0,1
